mean_test_score,rank_test_score,param_regressor__learning_rate,param_regressor__min_samples_leaf,param_regressor__min_samples_split,param_regressor__n_estimators,param_regressor__subsample
-1.8857280505600975,1,0.01,10,0.1,300,0.2
-1.9288746630223224,2,0.01,10,0.1,150,0.2
-1.9561337894542443,3,0.01,1,0.1,150,0.8
-1.9590445167981425,4,0.01,1,0.1,150,1
-1.959727407525596,5,0.01,2,0.1,150,1
-1.9658808908784837,6,0.01,10,0.1,100,0.2
-1.9665601765098881,7,0.01,1,0.1,100,0.8
-1.970352347598967,8,0.01,10,0.3,150,0.8
-1.9727664433071639,9,0.01,5,0.1,300,0.2
-1.9734270211270346,10,0.01,2,0.1,150,0.8
-1.974142149109138,11,0.01,5,0.1,150,0.2
-1.9745994983783794,12,0.01,2,0.3,150,0.8
-1.975761082366756,13,0.1,10,0.1,100,0.2
-1.9762492908088334,14,0.01,1,0.3,150,0.8
-1.9765252162581635,15,0.01,10,0.1,100,0.6
-1.9769464408572468,16,0.01,10,0.1,150,0.6
-1.9777212385055585,17,0.01,10,0.3,100,0.8
-1.9782693518795518,18,0.01,2,0.1,100,0.8
-1.9818548060103158,19,0.01,2,0.1,100,1
-1.9839733967638697,20,0.01,1,0.1,100,1
-1.9844357061905833,21,0.01,2,0.3,100,0.8
-1.9852393010239209,22,0.01,10,0.6,150,0.8
-1.9853698134281816,23,0.01,1,0.3,100,0.8
-1.9876743086340234,24,0.01,1,0.1,100,0.6
-1.9893044622376084,25,0.01,10,0.3,150,0.4
-1.9894743023311428,26,0.01,1,0.3,100,1
-1.989558071556917,27,0.01,2,0.3,100,1
-1.9898736690584058,28,0.01,5,0.1,100,0.2
-1.9902380679769816,29,0.01,10,0.1,100,0.8
-1.9902623718787662,30,0.01,1,0.1,150,0.6
-1.9907410540959003,31,0.01,2,0.3,150,1
-1.9911247211224192,32,0.01,10,0.1,150,0.8
-1.9920156081417992,33,0.01,1,0.3,150,1
-1.9921688927192274,34,0.01,10,0.3,150,1
-1.9943139226510098,35,0.01,10,0.3,300,0.4
-1.9950315239869656,36,0.01,10,0.3,100,1
-1.9969628851664045,37,0.01,10,0.1,150,1
-1.9976639655565411,38,0.01,2,0.1,100,0.6
-1.9988658299108297,39,0.1,5,0.1,100,0.2
-1.9996791423902316,40,0.01,5,0.3,100,0.8
-1.9997457484740377,41,0.01,10,0.3,150,0.6
-2.0022390830031704,42,0.01,10,0.1,150,0.4
-2.002495190047399,43,0.01,2,0.1,300,1
-2.003322716051593,44,0.01,5,0.3,150,0.4
-2.0033969182238778,45,0.01,2,0.1,150,0.6
-2.004165792557018,46,0.01,10,1.0,300,1
-2.0051710263235423,47,0.1,2,0.1,100,0.2
-2.0054929252089146,48,0.01,10,0.1,100,1
-2.0056102500584663,49,0.01,10,1.0,150,1
-2.0059433161511278,50,0.01,10,0.1,100,0.4
-2.007946399245629,51,0.01,1,0.1,300,0.8
-2.008113917615,52,0.01,1,0.1,300,1
-2.0107519468967405,53,0.01,5,0.3,150,0.8
-2.010891058493033,54,0.01,10,0.3,100,0.6
-2.0122097555540526,55,0.01,5,0.1,100,0.6
-2.0124545940743896,56,0.01,5,0.1,150,0.4
-2.0137501742815287,57,0.01,10,0.6,100,0.8
-2.014091134340839,58,0.01,5,0.1,100,0.4
-2.0156088381164716,59,0.1,5,0.1,50,0.2
-2.016578588559201,60,0.01,1,0.1,150,0.4
-2.0170264150722277,61,0.01,10,0.3,100,0.4
-2.017564159765228,62,0.01,2,0.3,300,1
-2.0179655325529744,63,0.01,2,0.3,150,0.4
-2.0185867770458006,64,0.01,1,0.3,150,0.6
-2.019748633809474,65,0.01,2,0.1,300,0.8
-2.0204155786405904,66,0.01,2,0.1,150,0.4
-2.021058433055029,67,0.01,1,0.6,150,0.8
-2.021244252655049,68,0.01,1,1.0,300,1
-2.021244252655049,68,0.01,2,1.0,300,1
-2.0218066845513865,70,0.01,2,0.6,150,0.8
-2.02202533923387,71,0.01,5,0.3,100,0.4
-2.022074215274299,72,0.01,5,0.3,100,1
-2.0227499743351127,73,0.01,2,0.3,150,0.6
-2.022765897726468,74,0.01,2,0.1,150,0.2
-2.022812465777229,75,0.01,10,0.1,300,0.4
-2.0236082776313817,76,0.01,1,0.3,300,1
-2.0239910381924693,77,0.01,1,0.1,150,0.2
-2.0241930901795664,78,0.01,1,0.3,100,0.6
-2.0244488051617444,79,0.01,2,0.1,100,0.4
-2.024603681404776,80,0.01,5,0.1,150,0.6
-2.024745646723232,81,0.01,10,0.1,300,1
-2.0252520171895814,82,0.01,2,0.3,100,0.6
-2.0256045595436585,83,0.01,2,0.1,100,0.2
-2.027038604087725,84,0.01,2,0.3,300,0.8
-2.028049772569313,85,0.01,1,0.1,100,0.4
-2.0288514584647612,86,0.01,1,0.3,300,0.8
-2.0292144572802533,87,0.01,5,0.3,100,0.6
-2.02947999462733,88,0.01,5,0.1,100,0.8
-2.0303132190497033,89,0.01,1,0.1,100,0.2
-2.0321303401877806,90,0.01,10,0.6,300,0.8
-2.033017291254835,91,0.01,1,0.3,150,0.4
-2.0338838402464487,92,0.01,5,0.3,150,1
-2.0344409626265123,93,0.01,2,0.3,100,0.4
-2.0346060466285794,94,0.01,10,0.1,300,0.6
-2.0354086886962404,95,0.01,10,1.0,100,1
-2.036409493640774,96,0.01,10,0.6,150,1
-2.037292041965623,97,0.01,5,0.3,150,0.6
-2.0379631202491346,98,0.1,1,0.1,50,0.6
-2.0400221587788043,99,0.01,1,0.1,300,0.4
-2.0401738815338035,100,0.1,10,0.1,50,0.2
-2.0407535705738864,101,0.01,2,0.3,300,0.4
-2.0408012439518326,102,0.1,1,0.1,50,1
-2.0411548841663985,103,0.01,2,1.0,150,1
-2.0411548841663985,103,0.01,1,1.0,150,1
-2.0424278934003057,105,0.01,1,0.6,100,0.8
-2.0424278934003057,105,0.01,2,0.6,100,0.8
-2.042959288204196,107,0.1,10,0.1,150,0.2
-2.0429752360194993,108,0.01,2,0.1,300,0.4
-2.0433768107821613,109,0.01,1,0.3,300,0.4
-2.0438705137457367,110,0.1,2,0.1,50,0.6
-2.0446319782043174,111,0.01,1,0.1,300,0.6
-2.0447835696582897,112,0.01,10,0.1,300,0.8
-2.0451139972157226,113,0.01,10,0.6,100,1
-2.0452241762363554,114,0.01,5,0.1,300,0.4
-2.045516309820812,115,0.01,5,0.1,150,0.8
-2.045572146419667,116,0.01,1,0.6,300,0.8
-2.0456589964071203,117,0.1,2,0.3,50,1
-2.04616422144854,118,0.01,2,0.6,300,0.8
-2.0466943247600606,119,0.1,10,1.0,50,1
-2.0467237133458207,120,0.1,10,0.3,50,0.4
-2.046866478390898,121,0.01,5,0.3,300,0.4
-2.047602421408265,122,0.01,10,0.3,300,0.8
-2.0480866099047743,123,0.01,2,0.1,300,0.6
-2.0490010380744748,124,0.01,1,0.1,300,0.2
-2.0497624657489544,125,0.01,10,0.3,300,1
-2.050090528875132,126,0.01,10,0.3,300,0.6
-2.0501382592841937,127,0.01,10,0.3,50,0.8
-2.05046561104868,128,0.01,1,0.3,100,0.4
-2.051104050195787,129,0.1,2,0.1,100,0.6
-2.0521199641048566,130,0.01,5,1.0,150,1
-2.052265088589979,131,0.01,10,0.1,50,0.6
-2.052738857558357,132,0.1,2,0.1,50,1
-2.053027534673382,133,0.01,10,0.1,50,0.8
-2.0534624533352286,134,0.01,2,0.3,300,0.6
-2.0537026383136725,135,0.01,1,0.1,50,0.8
-2.05427383681923,136,0.01,1,0.3,300,0.6
-2.0558244878672904,137,0.01,5,0.6,100,0.8
-2.0563136811122145,138,0.01,5,0.1,100,1
-2.057516146330451,139,0.01,10,0.3,50,1
-2.057848571306592,140,0.1,1,0.1,100,0.6
-2.058504610974737,141,0.01,1,0.3,50,0.8
-2.0586186028883136,142,0.01,2,0.3,50,0.8
-2.0596041124204425,143,0.01,5,0.6,150,0.8
-2.0600851006946104,144,0.01,5,0.3,50,0.8
-2.061298321713479,145,0.01,2,0.1,300,0.2
-2.061391331159459,146,0.1,1,0.1,100,0.8
-2.061582228478382,147,0.1,2,0.1,50,0.8
-2.061624026116857,148,0.1,2,0.1,100,0.8
-2.061671586938228,149,0.01,10,0.1,50,1
-2.063012418959862,150,0.01,2,0.1,50,0.8
-2.063150718914199,151,0.01,5,0.1,150,1
-2.0639914094914595,152,0.01,5,0.1,50,0.6
-2.064584920960622,153,0.01,1,0.1,50,0.6
-2.066032976447507,154,0.01,2,0.1,50,0.6
-2.066298360726406,155,0.01,5,1.0,100,1
-2.0668578531592736,156,0.01,5,0.1,50,0.2
-2.0677027586069383,157,0.01,10,0.1,50,0.2
-2.067937727886357,158,0.01,1,0.3,50,1
-2.067937727886357,158,0.01,2,0.3,50,1
-2.069049451777187,160,0.1,2,0.1,150,0.6
-2.069538413775751,161,0.1,1,0.1,50,0.8
-2.0700226382102147,162,0.1,2,1.0,50,1
-2.0700226382102147,162,0.1,1,1.0,50,1
-2.070025593026272,164,0.01,2,0.1,50,1
-2.070025593026272,164,0.01,1,0.1,50,1
-2.0701674638247987,166,0.1,1,0.3,50,1
-2.0715276274124657,167,0.1,1,0.3,50,0.8
-2.0721558099228234,168,0.01,10,0.1,50,0.4
-2.072180238554919,169,0.1,1,0.6,50,0.8
-2.073883122720379,170,0.01,5,0.1,300,0.6
-2.074813277171953,171,0.01,1,1.0,100,1
-2.074813277171953,171,0.01,2,1.0,100,1
-2.075060801400997,173,0.1,2,0.1,150,0.8
-2.075347981838482,174,0.1,10,0.1,50,0.8
-2.0756144477834253,175,0.01,5,0.1,50,1
-2.0757867304200257,176,0.1,2,0.6,50,0.8
-2.076764498869502,177,0.01,5,0.1,50,0.4
-2.0772686121871256,178,0.01,5,0.3,50,1
-2.0790667545101393,179,0.01,5,0.1,50,0.8
-2.079188335324087,180,0.1,10,0.6,50,0.8
-2.0806250259722066,181,0.01,5,1.0,300,1
-2.081956537010792,182,0.01,10,0.3,50,0.6
-2.0841418187250076,183,0.1,1,0.1,100,0.2
-2.0848257444474743,184,0.01,2,0.1,50,0.2
-2.0851942772222607,185,0.1,1,0.3,100,0.8
-2.0853640033856897,186,0.1,5,0.1,150,0.8
-2.086341092544134,187,0.1,1,0.1,150,0.8
-2.087399804729261,188,0.01,5,0.3,50,0.6
-2.0880652138558395,189,0.01,1,0.1,50,0.2
-2.08833115855819,190,0.01,2,0.6,100,1
-2.08833115855819,190,0.01,1,0.6,100,1
-2.0892258035908546,192,0.01,1,0.3,50,0.6
-2.0894591182816544,193,0.1,2,0.3,50,0.8
-2.0896081038308267,194,0.01,2,0.3,50,0.6
-2.0897055683859507,195,0.01,1,0.6,150,1
-2.0897397778695623,196,0.01,2,0.6,150,1
-2.0909247480158966,197,0.01,2,0.1,50,0.4
-2.0920668985774484,198,0.01,10,0.3,50,0.4
-2.093405834432072,199,0.1,2,0.1,50,0.2
-2.0951939725724267,200,0.01,5,0.3,50,0.4
-2.0963265570924077,201,0.01,1,0.1,50,0.4
-2.097284969128623,202,0.1,10,0.3,50,0.6
-2.098501305410545,203,0.01,10,0.6,50,0.8
-2.0986457280223116,204,0.1,1,0.1,150,0.4
-2.1001233678192452,205,0.01,5,0.1,300,1
-2.100928844653953,206,0.01,5,0.3,300,0.6
-2.1012916135903237,207,0.01,10,0.6,300,1
-2.102475136255425,208,0.1,5,0.1,50,0.8
-2.10317196392411,209,0.01,10,0.6,50,1
-2.1050004827006457,210,0.1,1,0.1,150,0.6
-2.1064182813896326,211,0.1,10,0.1,150,0.8
-2.1070946608375953,212,0.01,2,0.3,50,0.4
-2.107222588386404,213,0.01,2,0.6,50,0.8
-2.107222588386404,213,0.01,1,0.6,50,0.8
-2.107960910445171,215,0.1,10,0.6,100,0.8
-2.1083846429737347,216,0.01,5,0.6,50,0.8
-2.1085232837119205,217,0.1,1,0.3,150,0.8
-2.1085939592179663,218,0.1,1,0.6,100,0.8
-2.1087030181778603,219,0.1,10,0.1,100,0.8
-2.1104873694550776,220,0.1,10,0.6,150,0.8
-2.110580512933759,221,0.1,10,0.1,50,1
-2.11060543043545,222,0.1,5,0.1,300,0.2
-2.11233710403038,223,0.1,5,0.1,100,0.8
-2.112457298286918,224,0.01,10,1.0,50,1
-2.1134234030837917,225,0.1,1,0.3,300,0.8
-2.1152042049229376,226,0.1,10,0.3,50,0.8
-2.1152661707151674,227,0.001,10,0.1,300,0.6
-2.115534618882925,228,0.001,10,0.1,300,0.8
-2.1165685136991756,229,0.01,1,0.3,50,0.4
-2.1168297255979036,230,0.01,5,0.3,300,0.8
-2.117463862167854,231,0.1,2,0.3,100,0.8
-2.117621042183889,232,0.1,10,0.1,300,0.2
-2.1178073746318287,233,0.01,5,0.1,300,0.8
-2.1180570740149016,234,0.01,5,0.6,100,1
-2.118383431121964,235,0.1,1,0.3,50,0.4
-2.1183932692297303,236,0.1,10,0.1,50,0.4
-2.118574862497241,237,0.01,5,1.0,50,1
-2.119273764931737,238,0.001,10,0.3,300,1
-2.1201291578275323,239,0.001,10,0.1,300,0.4
-2.1204398145967933,240,0.001,2,0.1,300,1
-2.1204398145967933,240,0.001,1,0.1,300,1
-2.1211415905652333,242,0.1,1,0.1,100,0.4
-2.1218111708883045,243,0.1,10,0.3,100,0.4
-2.1218365147908713,244,0.001,10,0.3,300,0.8
-2.1229930295502406,245,0.1,1,0.1,300,0.8
-2.123745836102434,246,0.1,1,0.1,150,0.2
-2.124141359351913,247,0.1,1,0.1,300,0.6
-2.124204599328031,248,0.1,1,1.0,100,1
-2.1246839142617175,249,0.1,2,1.0,100,1
-2.1253480205262405,250,0.001,5,0.1,300,0.4
-2.1254831531405904,251,0.1,10,0.1,50,0.6
-2.1260142797290262,252,0.001,5,0.1,300,0.8
-2.1260448742635627,253,0.001,10,0.1,300,0.2
-2.1262120507808246,254,0.1,2,0.3,100,1
-2.1262704524411733,255,0.01,5,0.6,50,1
-2.126473587737755,256,0.001,5,0.1,300,1
-2.1265970772065925,257,0.1,2,0.3,50,0.6
-2.126641423301789,258,0.01,10,0.6,150,0.6
-2.1267738426099316,259,0.001,5,0.3,300,0.8
-2.1268530173272135,260,0.001,5,0.1,300,0.6
-2.127045331011283,261,0.001,2,0.1,300,0.8
-2.127429789200397,262,0.001,1,0.1,300,0.8
-2.1284148654034487,263,0.1,2,0.1,300,0.8
-2.128625736045811,264,0.1,10,0.3,100,0.6
-2.128816287469549,265,0.1,2,0.3,150,0.8
-2.128830974890546,266,0.001,1,0.1,300,0.6
-2.1292192299901442,267,0.01,5,0.6,150,0.6
-2.1292788277841495,268,0.001,2,0.3,300,1
-2.1292788277841495,268,0.001,1,0.3,300,1
-2.1293735766978013,270,0.1,1,0.1,100,1
-2.1295857094759696,271,0.1,2,0.6,100,0.8
-2.130375142030349,272,0.001,1,0.3,300,0.8
-2.1304610722783357,273,0.001,1,0.1,300,0.4
-2.130614515145884,274,0.001,2,0.3,300,0.8
-2.130798434091946,275,0.001,2,0.1,300,0.6
-2.130899224164455,276,0.1,5,0.1,100,0.4
-2.13135954054956,277,0.001,2,0.1,300,0.4
-2.1321451070570085,278,0.001,10,0.1,300,1
-2.1327580697448374,279,0.1,2,0.3,50,0.4
-2.13277933405122,280,0.1,2,0.1,100,1
-2.1329344450402217,281,0.1,1,0.3,50,0.6
-2.13351152633726,282,0.001,5,0.1,300,0.2
-2.133595737438799,283,0.1,2,0.3,100,0.4
-2.1343749424604264,284,0.001,5,0.3,300,1
-2.13640532045702,285,0.1,5,0.1,150,0.2
-2.1364680097607893,286,0.1,5,0.1,50,0.4
-2.1364767783840857,287,0.01,5,0.3,300,1
-2.136576626000182,288,0.01,2,0.6,50,1
-2.136576626000182,288,0.01,1,0.6,50,1
-2.137043423868914,290,0.1,2,1.0,150,1
-2.1376510596407416,291,0.01,2,0.6,150,0.6
-2.1378081637822803,292,0.01,1,0.6,150,0.6
-2.1380581467665976,293,0.001,10,0.3,300,0.6
-2.139162588491769,294,0.1,1,0.6,150,0.8
-2.1396228829978106,295,0.1,10,1.0,100,1
-2.1404497902871347,296,0.01,1,0.6,300,1
-2.1405911745642565,297,0.01,2,0.6,300,1
-2.1411529579913604,298,0.01,10,0.6,300,0.6
-2.1415699248656592,299,0.1,10,0.3,150,0.8
-2.1421749704016415,300,0.1,10,0.1,100,0.6
-2.143298832206881,301,0.001,5,0.3,300,0.6
-2.143419351163807,302,0.01,1,0.6,300,0.6
-2.1436172772924786,303,0.1,2,0.1,300,0.6
-2.143896558117077,304,0.01,5,0.6,300,0.6
-2.144217888849857,305,0.01,2,0.6,300,0.6
-2.1444294348394175,306,0.1,1,0.1,50,0.2
-2.1444378086813565,307,0.1,1,0.1,50,0.4
-2.1446799085124133,308,0.1,2,0.3,300,0.8
-2.1458464478273327,309,0.001,2,0.1,300,0.2
-2.145862263247827,310,0.1,5,1.0,50,1
-2.146807577658797,311,0.1,2,0.1,150,1
-2.146849769579502,312,0.001,10,0.3,300,0.4
-2.1470687701264777,313,0.01,10,0.6,100,0.6
-2.1488160926894295,314,0.1,10,0.3,150,0.6
-2.1490601295926477,315,0.1,10,0.3,300,0.4
-2.1490846626852056,316,0.001,2,0.3,300,0.6
-2.1491957238956747,317,0.001,1,0.3,300,0.6
-2.149654979991072,318,0.001,5,0.3,300,0.4
-2.149818370564154,319,0.1,10,0.1,150,0.6
-2.150181538232575,320,0.01,5,0.6,150,1
-2.150195852107585,321,0.1,2,0.6,50,1
-2.150520278490224,322,0.01,5,0.6,100,0.6
-2.15091393238837,323,0.1,10,0.3,50,1
-2.151190087104479,324,0.001,1,0.1,300,0.2
-2.152165286152032,325,0.001,2,0.3,300,0.4
-2.1531375658099106,326,0.1,5,0.1,150,0.4
-2.153365081269281,327,0.1,1,1.0,150,1
-2.155702818905218,328,0.01,5,0.6,300,0.8
-2.155874756946578,329,0.1,1,0.3,100,0.6
-2.1560649867047053,330,0.1,2,0.1,150,0.2
-2.1566311842766064,331,0.1,5,0.1,300,0.8
-2.15721683622315,332,0.1,10,0.1,300,0.8
-2.1573220549920453,333,0.1,2,0.1,300,1
-2.1573539447940044,334,0.001,10,0.6,300,1
-2.1577347625166303,335,0.001,1,0.3,300,0.4
-2.1582757014749765,336,0.001,10,0.6,300,0.8
-2.1597598596381054,337,0.1,1,0.1,150,1
-2.159808404098468,338,0.001,5,0.6,300,0.8
-2.1610174336486776,339,0.01,1,1.0,50,1
-2.1610174336486776,339,0.01,2,1.0,50,1
-2.161580137384543,341,0.1,5,0.3,50,0.4
-2.163046471480245,342,0.1,2,0.3,100,0.6
-2.164097322439599,343,0.001,1,0.6,300,0.8
-2.1640983620971794,344,0.001,2,0.6,300,0.8
-2.1650330671172804,345,0.01,2,0.6,100,0.6
-2.1650372974341336,346,0.1,10,0.3,100,0.8
-2.1651914987017262,347,0.1,10,0.6,300,0.8
-2.1652709783277424,348,0.01,1,0.6,100,0.6
-2.166208887414108,349,0.001,10,1.0,300,1
-2.167825784947815,350,0.001,5,0.6,300,1
-2.168035040079665,351,0.001,5,1.0,300,1
-2.168056027817561,352,0.1,2,0.3,150,0.6
-2.1684661654385096,353,0.1,10,0.6,50,1
-2.170164390798753,354,0.1,2,0.1,150,0.4
-2.170323820808972,355,0.1,2,0.6,150,0.8
-2.172930147265343,356,0.1,1,0.1,300,1
-2.1738526739970148,357,0.1,2,0.3,150,0.4
-2.1745486269525327,358,0.1,10,0.3,300,0.8
-2.1758250175261895,359,0.1,1,0.3,100,0.4
-2.1765425295062903,360,0.1,1,0.3,100,1
-2.1769776116275823,361,0.1,1,0.6,50,1
-2.177385077022297,362,0.1,10,0.1,100,0.4
-2.178945987297836,363,0.1,2,0.1,100,0.4
-2.1805900938811567,364,0.1,1,0.3,150,0.6
-2.1809723055456804,365,0.001,1,0.6,300,1
-2.1809723055456804,365,0.001,2,0.6,300,1
-2.181604209790549,367,0.1,2,0.3,150,1
-2.18375348426839,368,0.1,10,0.3,150,0.4
-2.184714174980339,369,0.1,1,0.6,300,0.8
-2.1848530318690536,370,0.1,2,0.1,50,0.4
-2.1881115233296407,371,0.1,1,0.1,300,0.4
-2.188455026562243,372,0.1,10,1.0,150,1
-2.1903279336832084,373,0.001,10,0.1,150,0.8
-2.1904644884849747,374,0.1,10,0.1,100,1
-2.190809731591072,375,0.001,10,0.1,150,0.6
-2.1915152986906383,376,0.1,10,0.1,300,0.6
-2.191802151800116,377,0.1,5,0.6,50,0.8
-2.1920485821364806,378,0.001,1,0.1,150,1
-2.1920485821364806,378,0.001,2,0.1,150,1
-2.193205397685813,380,0.1,2,0.3,300,0.4
-2.1932741024467926,381,0.1,1,0.1,300,0.2
-2.1945049451612135,382,0.01,10,0.6,50,0.6
-2.194509777317007,383,0.001,5,0.1,150,0.8
-2.194919374269113,384,0.001,10,0.3,150,0.8
-2.195544268841016,385,0.1,5,0.1,300,0.4
-2.196796871819594,386,0.001,5,0.3,150,0.8
-2.1970316061674184,387,0.001,10,0.3,150,1
-2.1975268229162683,388,0.001,5,0.1,150,0.6
-2.19833831548957,389,0.001,5,0.1,150,1
-2.1988946123006476,390,0.001,10,0.1,150,0.4
-2.1992609123317894,391,0.5,2,1.0,50,1
-2.1999282335064496,392,0.001,2,0.1,150,0.8
-2.2002201550524734,393,0.01,5,0.6,50,0.6
-2.2002845676208707,394,0.1,2,1.0,300,1
-2.2004795358197415,395,0.001,1,0.1,150,0.8
-2.200840276823432,396,0.001,1,0.3,150,0.8
-2.2008838729618194,397,0.001,2,0.3,150,0.8
-2.2018730245715847,398,0.001,1,0.1,150,0.6
-2.201959642503801,399,0.001,5,0.1,150,0.4
-2.2025826926339986,400,0.1,5,0.3,50,0.8
-2.20283796091668,401,0.1,2,0.6,100,1
-2.20293147825424,402,0.001,2,0.1,150,0.6
-2.2041615165779307,403,0.001,10,0.1,150,0.2
-2.2042604706006954,404,0.001,5,0.3,150,1
-2.205443796718042,405,0.1,2,0.3,300,0.6
-2.2056443683116767,406,0.001,10,0.1,150,1
-2.2057430217144205,407,0.001,2,0.3,150,1
-2.2057430217144205,407,0.001,1,0.3,150,1
-2.2060145018749164,409,0.001,10,0.3,150,0.6
-2.2060771442588623,410,0.001,5,0.1,150,0.2
-2.206125888812298,411,0.001,1,0.1,150,0.4
-2.2065693276324083,412,0.001,2,0.1,150,0.4
-2.208542511903813,413,0.001,5,0.3,150,0.6
-2.21075740547749,414,0.1,10,0.6,50,0.6
-2.2118806620261067,415,0.1,1,0.3,300,0.6
-2.2120586209661646,416,0.1,5,0.1,50,0.6
-2.212136030857066,417,0.1,10,0.3,100,1
-2.213580969234908,418,0.001,2,0.3,150,0.6
-2.213831419293465,419,0.001,1,0.3,150,0.6
-2.2139690896678537,420,0.001,2,0.1,150,0.2
-2.2140087007675495,421,0.1,10,0.1,150,1
-2.2145030877185357,422,0.1,2,0.6,300,0.8
-2.2150163504734333,423,0.001,10,0.3,150,0.4
-2.2150309127707937,424,0.1,5,0.3,50,0.6
-2.215214808827829,425,0.1,2,0.1,300,0.4
-2.2155105045358754,426,0.001,10,0.6,150,1
-2.215801758402114,427,0.1,10,0.1,300,1
-2.217069559611444,428,0.001,5,0.3,150,0.4
-2.2172200438303262,429,0.001,1,1.0,300,1
-2.2172200438303262,429,0.001,2,1.0,300,1
-2.2173721018541914,431,0.001,1,0.1,150,0.2
-2.217377843526693,432,0.001,10,0.6,150,0.8
-2.21774103211954,433,0.001,5,0.6,150,0.8
-2.2182987121975084,434,0.001,5,0.6,150,1
-2.2187087116170927,435,0.1,5,0.1,50,1
-2.2189725116720007,436,0.001,10,0.6,300,0.6
-2.2191667309058127,437,0.1,10,0.1,150,0.4
-2.219391432545439,438,0.001,2,0.3,150,0.4
-2.2203400980720813,439,0.1,2,0.3,300,1
-2.220449298643432,440,0.001,10,1.0,150,1
-2.2208985175166056,441,0.1,10,0.3,300,0.6
-2.220974965607918,442,0.1,2,0.6,50,0.6
-2.220974965607918,442,0.1,1,0.6,50,0.6
-2.2211848263811986,444,0.001,5,1.0,150,1
-2.2217777504318925,445,0.001,2,0.6,150,0.8
-2.2217777504318925,445,0.001,1,0.6,150,0.8
-2.2220946567493676,447,0.001,1,0.3,150,0.4
-2.222816343137618,448,0.01,1,0.6,50,0.6
-2.222816343137618,448,0.01,2,0.6,50,0.6
-2.222870188838985,450,0.001,10,0.1,100,0.8
-2.2232390952078944,451,0.001,5,0.6,300,0.6
-2.2238726628768086,452,0.1,10,0.6,300,0.6
-2.224082669146929,453,0.001,1,0.1,100,1
-2.224082669146929,453,0.001,2,0.1,100,1
-2.2241028750732554,455,0.001,10,0.1,100,0.6
-2.2242565100085727,456,0.1,2,0.1,300,0.2
-2.2243680528223875,457,0.1,10,0.3,150,1
-2.2253682999973785,458,0.1,10,0.6,150,0.6
-2.22587399450999,459,0.001,5,0.1,100,0.8
-2.226295930988317,460,0.001,10,0.3,100,0.8
-2.2269490816999746,461,0.001,1,0.6,150,1
-2.2269490816999746,461,0.001,2,0.6,150,1
-2.227608355300686,463,0.001,5,0.3,100,0.8
-2.2287771447600067,464,0.001,5,0.1,100,0.6
-2.2288739427174105,465,0.001,5,0.1,100,1
-2.229108181476185,466,0.1,5,0.1,100,0.6
-2.2291823690205588,467,0.001,10,0.1,100,0.4
-2.230794160703698,468,0.001,2,0.1,100,0.8
-2.231308368732114,469,0.001,1,0.1,100,0.8
-2.2315946587380013,470,0.001,5,0.1,100,0.4
-2.2315971791669074,471,0.001,1,0.3,100,0.8
-2.2317115635951614,472,0.001,2,0.3,100,0.8
-2.2319419101288345,473,0.001,10,0.3,100,1
-2.232131807778257,474,0.001,1,0.1,100,0.6
-2.23250927812612,475,0.001,2,0.1,100,0.6
-2.2340738745094106,476,0.001,5,0.3,100,1
-2.2348565654385375,477,0.001,10,0.3,100,0.6
-2.2350890064719127,478,0.001,10,0.1,100,0.2
-2.235143353809193,479,0.001,10,0.1,100,1
-2.2353098263955173,480,0.001,2,0.1,100,0.4
-2.2355117022966353,481,0.001,5,0.1,100,0.2
-2.2362495799053885,482,0.001,1,0.1,100,0.4
-2.236352138724341,483,0.001,2,0.3,100,1
-2.236352138724341,483,0.001,1,0.3,100,1
-2.236494319657683,485,0.1,10,0.6,100,0.6
-2.2364981746687245,486,0.001,5,0.3,100,0.6
-2.237924525640236,487,0.1,10,0.3,300,1
-2.238019542099195,488,0.1,1,0.6,100,0.6
-2.2381166530967187,489,0.1,5,0.6,50,0.6
-2.2397926585305252,490,0.1,5,0.3,50,1
-2.240062688901456,491,0.001,2,0.3,100,0.6
-2.240256257641775,492,0.001,1,0.3,100,0.6
-2.2412571089406192,493,0.001,5,0.6,100,1
-2.2413142151240217,494,0.001,2,0.1,100,0.2
-2.2413708050308356,495,0.001,2,0.6,300,0.6
-2.2414535628139807,496,0.001,10,0.6,100,1
-2.2416748888499063,497,0.001,1,0.6,300,0.6
-2.2417927089248146,498,0.001,10,0.6,100,0.8
-2.2421224151063077,499,0.001,10,0.3,100,0.4
-2.2422460877202512,500,0.001,5,0.6,100,0.8
-2.24282130363171,501,0.1,1,0.3,150,1
-2.2429474135046443,502,0.5,1,0.1,50,1
-2.2436031899059183,503,0.001,5,0.3,100,0.4
-2.243691314812619,504,0.001,10,1.0,100,1
-2.2438313110533867,505,0.001,1,0.1,100,0.2
-2.2441285355997413,506,0.001,5,1.0,100,1
-2.2445801889742087,507,0.5,1,0.1,100,1
-2.2446330734230786,508,0.5,1,0.1,300,1
-2.244633140297896,509,0.5,1,0.1,150,1
-2.245227471816496,510,0.001,2,0.3,100,0.4
-2.245508032911866,511,0.1,2,0.6,100,0.6
-2.2461077712649056,512,0.001,2,0.6,100,0.8
-2.2461077712649056,512,0.001,1,0.6,100,0.8
-2.246352765474205,514,0.1,5,0.6,100,0.6
-2.2468171326029047,515,0.001,1,0.3,100,0.4
-2.2486009579988773,516,0.001,2,0.6,100,1
-2.2486009579988773,516,0.001,1,0.6,100,1
-2.250000300903124,518,0.1,2,0.6,150,1
-2.2558577020273383,519,0.001,10,0.6,150,0.6
-2.2584344957674447,520,0.001,5,0.6,150,0.6
-2.2589004353047626,521,0.1,5,1.0,100,1
-2.2600586843100023,522,0.001,10,0.1,50,0.8
-2.260360224632127,523,0.001,2,1.0,150,1
-2.260360224632127,523,0.001,1,1.0,150,1
-2.2609681783193336,525,0.001,2,0.1,50,1
-2.2609681783193336,525,0.001,1,0.1,50,1
-2.2609698182465463,527,0.1,5,0.3,100,0.6
-2.2612752772552325,528,0.001,10,0.1,50,0.6
-2.262213044843139,529,0.001,10,0.3,50,0.8
-2.262334882294062,530,0.001,5,0.1,50,1
-2.2625945077768286,531,0.1,5,0.6,150,0.6
-2.2628254637779683,532,0.001,5,0.1,50,0.8
-2.263399383228201,533,0.001,5,0.3,50,0.8
-2.2640325890675035,534,0.001,5,0.1,50,0.6
-2.264591790368352,535,0.1,1,1.0,300,1
-2.264927491172492,536,0.001,2,0.1,50,0.8
-2.26508152724151,537,0.001,10,0.1,50,0.4
-2.2653928048525613,538,0.001,1,0.3,50,0.8
-2.2654427548214926,539,0.001,2,0.1,50,0.6
-2.2654639719397967,540,0.001,2,0.3,50,0.8
-2.2655781102283314,541,0.001,1,0.1,50,0.6
-2.265611971561948,542,0.001,1,0.1,50,0.8
-2.265665520695065,543,0.1,5,0.3,150,0.8
-2.2657859950453187,544,0.001,5,0.1,50,0.4
-2.2665291051414553,545,0.001,10,0.1,50,1
-2.266588755457866,546,0.001,5,0.3,50,1
-2.266894647115299,547,0.001,10,0.3,50,1
-2.267247913726221,548,0.001,5,0.1,50,0.2
-2.267361239768906,549,0.001,10,0.3,50,0.6
-2.2675400246329245,550,0.001,1,0.3,50,1
-2.2675400246329245,550,0.001,2,0.3,50,1
-2.2675604980839634,552,0.1,2,0.6,150,0.6
-2.267571663463921,553,0.1,10,0.6,100,1
-2.2680079730586726,554,0.1,5,0.1,100,1
-2.2680173269207193,555,0.001,2,0.1,50,0.4
-2.268155925256071,556,0.001,5,0.3,50,0.6
-2.2684204075040872,557,0.001,10,0.1,50,0.2
-2.268665158558214,558,0.001,1,0.1,50,0.4
-2.2700405450119354,559,0.001,2,0.3,50,0.6
-2.2701336156218064,560,0.001,1,0.3,50,0.6
-2.270332124164741,561,0.1,5,0.3,150,0.6
-2.2703528994268094,562,0.001,2,0.1,50,0.2
-2.2703857031600343,563,0.001,10,0.6,50,0.8
-2.270703380355484,564,0.001,5,0.6,50,1
-2.2708064883275334,565,0.001,10,0.6,100,0.6
-2.2708401409125485,566,0.001,5,0.6,50,0.8
-2.2710668302043544,567,0.001,2,0.6,150,0.6
-2.271090297656916,568,0.001,10,0.6,50,1
-2.2712811368612567,569,0.001,1,0.1,50,0.2
-2.2713030141833532,570,0.001,1,0.6,150,0.6
-2.271532381178458,571,1.0,1,0.6,50,0.4
-2.271532381178458,571,1.0,5,0.6,50,0.4
-2.271532381178458,571,1.0,5,1.0,50,0.4
-2.271532381178458,571,1.0,10,0.6,50,0.4
-2.271532381178458,571,1.0,10,1.0,50,0.4
-2.271532381178458,571,1.0,2,1.0,50,0.4
-2.271532381178458,571,1.0,2,0.6,50,0.4
-2.271532381178458,571,1.0,1,1.0,50,0.4
-2.271635719245851,579,0.001,10,1.0,50,1
-2.271796797615989,580,0.001,5,1.0,50,1
-2.2720331933416777,581,0.001,10,0.3,50,0.4
-2.2728172247942258,582,0.001,5,0.3,50,0.4
-2.2728610052702285,583,0.001,2,0.6,50,0.8
-2.2728610052702285,583,0.001,1,0.6,50,0.8
-2.272879136281264,585,0.001,5,0.6,100,0.6
-2.273159361951257,586,0.1,5,0.1,150,1
-2.2734813911850495,587,0.001,2,0.3,50,0.4
-2.2741073315584353,588,0.001,1,0.3,50,0.4
-2.2749621036696115,589,0.001,2,1.0,100,1
-2.2749621036696115,589,0.001,1,1.0,100,1
-2.2751043322974045,591,0.001,1,0.6,50,1
-2.2751043322974045,591,0.001,2,0.6,50,1
-2.2751711893087005,593,0.1,5,0.3,100,0.4
-2.276287334396443,594,0.1,10,1.0,300,1
-2.2764128112860553,595,0.1,5,0.1,150,0.6
-2.2767073359588763,596,0.1,5,0.3,100,0.8
-2.2770175288850476,597,0.1,5,0.1,300,0.6
-2.2781219242984245,598,0.1,10,0.1,300,0.4
-2.278568861729283,599,0.1,5,0.1,300,1
-2.2808927577595415,600,0.1,5,0.6,300,0.6
-2.2809407676219635,601,0.5,1,1.0,50,1
-2.282274628095493,602,0.001,2,0.6,100,0.6
-2.2825210632819473,603,0.001,1,0.6,100,0.6
-2.2847929878264646,604,0.1,5,0.3,300,0.6
-2.2860595043229535,605,0.1,1,0.3,300,0.4
-2.287268691807891,606,0.001,10,0.6,50,0.6
-2.288118537150681,607,0.5,1,1.0,50,0.4
-2.288118537150681,607,0.5,2,1.0,50,0.4
-2.288118537150681,607,0.5,10,0.6,50,0.4
-2.288118537150681,607,0.5,5,1.0,50,0.4
-2.288118537150681,607,0.5,1,0.6,50,0.4
-2.288118537150681,607,0.5,2,0.6,50,0.4
-2.288118537150681,607,0.5,5,0.6,50,0.4
-2.288118537150681,607,0.5,10,1.0,50,0.4
-2.2881729028910325,615,0.001,5,0.6,50,0.6
-2.289667584100113,616,0.1,1,0.6,100,1
-2.289743182950688,617,1.0,2,1.0,50,0.6
-2.289743182950688,617,1.0,5,1.0,50,0.6
-2.289743182950688,617,1.0,1,1.0,50,0.6
-2.289743182950688,617,1.0,10,1.0,50,0.6
-2.2898341059254514,621,0.001,1,1.0,50,1
-2.2898341059254514,621,0.001,2,1.0,50,1
-2.2898509280412886,623,0.1,5,0.3,300,0.8
-2.291088181632222,624,1.0,10,1.0,50,0.2
-2.291088181632222,624,1.0,2,1.0,50,0.2
-2.291088181632222,624,1.0,1,1.0,50,0.2
-2.291088181632222,624,1.0,2,0.3,50,0.2
-2.291088181632222,624,1.0,1,0.6,50,0.2
-2.291088181632222,624,1.0,2,0.6,50,0.2
-2.291088181632222,624,1.0,10,0.6,50,0.2
-2.291088181632222,624,1.0,5,0.6,50,0.2
-2.291088181632222,624,1.0,1,0.3,50,0.2
-2.291088181632222,624,1.0,10,0.3,50,0.2
-2.291088181632222,624,1.0,5,1.0,50,0.2
-2.291088181632222,624,1.0,5,0.3,50,0.2
-2.291245695108216,636,1.0,1,1.0,100,0.6
-2.291245695108216,636,1.0,10,1.0,100,0.6
-2.291245695108216,636,1.0,5,1.0,100,0.6
-2.291245695108216,636,1.0,2,1.0,100,0.6
-2.291836746928219,640,0.1,1,0.3,300,0.2
-2.291836746928219,640,0.1,5,0.6,300,0.2
-2.291836746928219,640,0.1,1,1.0,300,0.2
-2.291836746928219,640,0.1,5,0.3,300,0.2
-2.291836746928219,640,0.1,2,1.0,300,0.2
-2.291836746928219,640,0.1,10,0.6,300,0.2
-2.291836746928219,640,0.1,2,0.3,300,0.2
-2.291836746928219,640,0.1,1,0.6,300,0.2
-2.291836746928219,640,0.1,2,0.6,300,0.2
-2.291836746928219,640,0.1,10,0.3,300,0.2
-2.291836746928219,640,0.1,10,1.0,300,0.2
-2.291836746928219,640,0.1,5,1.0,300,0.2
-2.2918655453982,652,0.1,1,0.6,150,0.6
-2.2924062365488336,653,0.5,1,1.0,50,0.2
-2.2924062365488336,653,0.5,2,0.3,50,0.2
-2.2924062365488336,653,0.5,1,0.3,50,0.2
-2.2924062365488336,653,0.5,2,0.6,50,0.2
-2.2924062365488336,653,0.5,1,0.6,50,0.2
-2.2924062365488336,653,0.5,5,0.3,50,0.2
-2.2924062365488336,653,0.5,5,0.6,50,0.2
-2.2924062365488336,653,0.5,2,1.0,50,0.2
-2.2924062365488336,653,0.5,5,1.0,50,0.2
-2.2924062365488336,653,0.5,10,0.6,50,0.2
-2.2924062365488336,653,0.5,10,0.3,50,0.2
-2.2924062365488336,653,0.5,10,1.0,50,0.2
-2.2928555436532188,665,0.1,1,0.3,150,0.4
-2.2930122427386994,666,0.5,10,1.0,300,0.2
-2.2930122427386994,666,0.5,1,0.3,300,0.2
-2.2930122427386994,666,0.5,5,0.6,300,0.2
-2.2930122427386994,666,0.5,10,0.6,300,0.2
-2.2930122427386994,666,0.5,2,1.0,300,0.2
-2.2930122427386994,666,0.5,1,0.6,300,0.2
-2.2930122427386994,666,0.5,2,0.6,300,0.2
-2.2930122427386994,666,0.5,10,0.3,300,0.2
-2.2930122427386994,666,0.5,2,0.3,300,0.2
-2.2930122427386994,666,0.5,5,0.3,300,0.2
-2.2930122427386994,666,0.5,5,1.0,300,0.2
-2.2930122427386994,666,0.5,1,1.0,300,0.2
-2.2935136203056463,678,0.001,2,0.6,50,0.6
-2.2936568180718195,679,0.001,1,0.6,50,0.6
-2.2943213483665184,680,0.1,1,0.6,100,0.2
-2.2943213483665184,680,0.1,1,1.0,100,0.2
-2.2943213483665184,680,0.1,5,0.3,100,0.2
-2.2943213483665184,680,0.1,5,1.0,100,0.2
-2.2943213483665184,680,0.1,2,1.0,100,0.2
-2.2943213483665184,680,0.1,10,1.0,100,0.2
-2.2943213483665184,680,0.1,2,0.6,100,0.2
-2.2943213483665184,680,0.1,1,0.3,100,0.2
-2.2943213483665184,680,0.1,10,0.6,100,0.2
-2.2943213483665184,680,0.1,2,0.3,100,0.2
-2.2943213483665184,680,0.1,5,0.6,100,0.2
-2.2943213483665184,680,0.1,10,0.3,100,0.2
-2.2949905731684206,692,0.5,10,0.3,50,0.4
-2.2954451224728922,693,1.0,10,1.0,150,0.8
-2.2954451224728922,693,1.0,1,1.0,150,0.8
-2.2954451224728922,693,1.0,5,1.0,150,0.8
-2.2954451224728922,693,1.0,2,1.0,150,0.8
-2.2955653670089498,697,0.5,5,1.0,50,1
-2.2968460259618486,698,0.5,2,1.0,150,0.8
-2.2968460259618486,698,0.5,10,1.0,150,0.8
-2.2968460259618486,698,0.5,1,1.0,150,0.8
-2.2968460259618486,698,0.5,5,1.0,150,0.8
-2.2970311175488973,702,0.1,1,0.3,300,1
-2.2974149710976546,703,0.1,10,0.6,50,0.4
-2.2974149710976546,703,0.1,5,1.0,50,0.4
-2.2974149710976546,703,0.1,2,0.6,50,0.4
-2.2974149710976546,703,0.1,5,0.6,50,0.4
-2.2974149710976546,703,0.1,1,0.6,50,0.4
-2.2974149710976546,703,0.1,10,1.0,50,0.4
-2.2974149710976546,703,0.1,2,1.0,50,0.4
-2.2974149710976546,703,0.1,1,1.0,50,0.4
-2.2977558705116423,711,0.1,5,0.6,100,0.8
-2.2981785882254306,712,0.5,1,1.0,50,0.6
-2.2981785882254306,712,0.5,2,1.0,50,0.6
-2.2981785882254306,712,0.5,5,1.0,50,0.6
-2.2981785882254306,712,0.5,10,1.0,50,0.6
-2.2984635414423913,716,0.1,1,1.0,150,0.6
-2.2984635414423913,716,0.1,10,1.0,150,0.6
-2.2984635414423913,716,0.1,5,1.0,150,0.6
-2.2984635414423913,716,0.1,2,1.0,150,0.6
-2.2984738392067348,720,0.1,5,1.0,150,0.8
-2.2984738392067348,720,0.1,10,1.0,150,0.8
-2.2984738392067348,720,0.1,2,1.0,150,0.8
-2.2984738392067348,720,0.1,1,1.0,150,0.8
-2.2988031300436775,724,0.01,5,0.6,300,1
-2.2995864918329887,725,0.1,5,0.6,150,0.8
-2.2995999088262797,726,0.1,1,1.0,300,0.6
-2.2995999088262797,726,0.1,5,1.0,300,0.6
-2.2995999088262797,726,0.1,2,1.0,300,0.6
-2.2995999088262797,726,0.1,10,1.0,300,0.6
-2.2996881961735136,730,0.5,1,1.0,150,0.6
-2.2996881961735136,730,0.5,10,1.0,150,0.6
-2.2996881961735136,730,0.5,2,1.0,150,0.6
-2.2996881961735136,730,0.5,5,1.0,150,0.6
-2.2999902031520096,734,0.5,1,1.0,50,0.8
-2.2999902031520096,734,0.5,5,1.0,50,0.8
-2.2999902031520096,734,0.5,10,1.0,50,0.8
-2.2999902031520096,734,0.5,2,1.0,50,0.8
-2.300082818517466,738,0.5,10,1.0,100,0.6
-2.300082818517466,738,0.5,5,1.0,100,0.6
-2.300082818517466,738,0.5,2,1.0,100,0.6
-2.300082818517466,738,0.5,1,1.0,100,0.6
-2.3001311127902424,742,1.0,5,1.0,50,0.8
-2.3001311127902424,742,1.0,10,1.0,50,0.8
-2.3001311127902424,742,1.0,1,1.0,50,0.8
-2.3001311127902424,742,1.0,2,1.0,50,0.8
-2.300998901732477,746,0.5,2,1.0,300,0.6
-2.300998901732477,746,0.5,10,1.0,300,0.6
-2.300998901732477,746,0.5,5,1.0,300,0.6
-2.300998901732477,746,0.5,1,1.0,300,0.6
-2.3010667957799615,750,0.1,2,0.6,100,0.4
-2.3010667957799615,750,0.1,5,0.6,100,0.4
-2.3010667957799615,750,0.1,10,1.0,100,0.4
-2.3010667957799615,750,0.1,1,0.6,100,0.4
-2.3010667957799615,750,0.1,1,1.0,100,0.4
-2.3010667957799615,750,0.1,2,1.0,100,0.4
-2.3010667957799615,750,0.1,5,1.0,100,0.4
-2.3010667957799615,750,0.1,10,0.6,100,0.4
-2.301214879159752,758,0.01,2,1.0,300,0.4
-2.301214879159752,758,0.01,10,1.0,300,0.4
-2.301214879159752,758,0.01,1,0.6,300,0.4
-2.301214879159752,758,0.01,2,0.6,300,0.4
-2.301214879159752,758,0.01,5,0.6,300,0.4
-2.301214879159752,758,0.01,10,0.6,300,0.4
-2.301214879159752,758,0.01,1,1.0,300,0.4
-2.301214879159752,758,0.01,5,1.0,300,0.4
-2.301444882988489,766,0.1,1,0.6,150,0.4
-2.301444882988489,766,0.1,5,0.6,150,0.4
-2.301444882988489,766,0.1,5,1.0,150,0.4
-2.301444882988489,766,0.1,10,1.0,150,0.4
-2.301444882988489,766,0.1,1,1.0,150,0.4
-2.301444882988489,766,0.1,2,1.0,150,0.4
-2.301444882988489,766,0.1,2,0.6,150,0.4
-2.301444882988489,766,0.1,10,0.6,150,0.4
-2.3015601441559976,774,0.01,5,1.0,300,0.6
-2.3015601441559976,774,0.01,2,1.0,300,0.6
-2.3015601441559976,774,0.01,1,1.0,300,0.6
-2.3015601441559976,774,0.01,10,1.0,300,0.6
-2.3017742622397837,778,0.1,1,1.0,50,0.8
-2.3017742622397837,778,0.1,5,1.0,50,0.8
-2.3017742622397837,778,0.1,2,1.0,50,0.8
-2.3017742622397837,778,0.1,10,1.0,50,0.8
-2.301937393310232,782,0.01,2,1.0,150,0.6
-2.301937393310232,782,0.01,5,1.0,150,0.6
-2.301937393310232,782,0.01,10,1.0,150,0.6
-2.301937393310232,782,0.01,1,1.0,150,0.6
-2.301946063195893,786,0.01,10,1.0,300,0.2
-2.301946063195893,786,0.01,2,0.6,300,0.2
-2.301946063195893,786,0.01,5,0.3,300,0.2
-2.301946063195893,786,0.01,5,0.6,300,0.2
-2.301946063195893,786,0.01,2,1.0,300,0.2
-2.301946063195893,786,0.01,2,0.3,300,0.2
-2.301946063195893,786,0.01,1,0.3,300,0.2
-2.301946063195893,786,0.01,10,0.3,300,0.2
-2.301946063195893,786,0.01,1,1.0,300,0.2
-2.301946063195893,786,0.01,5,1.0,300,0.2
-2.301946063195893,786,0.01,1,0.6,300,0.2
-2.301946063195893,786,0.01,10,0.6,300,0.2
-2.302140923174638,798,0.01,1,1.0,300,0.8
-2.302140923174638,798,0.01,2,1.0,300,0.8
-2.302140923174638,798,0.01,10,1.0,300,0.8
-2.302140923174638,798,0.01,5,1.0,300,0.8
-2.3022757485388867,802,0.01,2,1.0,150,0.4
-2.3022757485388867,802,0.01,10,0.6,150,0.4
-2.3022757485388867,802,0.01,1,1.0,150,0.4
-2.3022757485388867,802,0.01,1,0.6,150,0.4
-2.3022757485388867,802,0.01,5,1.0,150,0.4
-2.3022757485388867,802,0.01,2,0.6,150,0.4
-2.3022757485388867,802,0.01,5,0.6,150,0.4
-2.3022757485388867,802,0.01,10,1.0,150,0.4
-2.3023330863746807,810,0.1,1,1.0,300,0.8
-2.3023330863746807,810,0.1,10,1.0,300,0.8
-2.3023330863746807,810,0.1,2,1.0,300,0.8
-2.3023330863746807,810,0.1,5,1.0,300,0.8
-2.3023678916725174,814,0.01,10,1.0,150,0.8
-2.3023678916725174,814,0.01,2,1.0,150,0.8
-2.3023678916725174,814,0.01,5,1.0,150,0.8
-2.3023678916725174,814,0.01,1,1.0,150,0.8
-2.3026458132534318,818,0.1,10,1.0,50,0.6
-2.3026458132534318,818,0.1,1,1.0,50,0.6
-2.3026458132534318,818,0.1,2,1.0,50,0.6
-2.3026458132534318,818,0.1,5,1.0,50,0.6
-2.302955452950332,822,1.0,5,1.0,100,0.8
-2.302955452950332,822,1.0,1,1.0,100,0.8
-2.302955452950332,822,1.0,2,1.0,100,0.8
-2.302955452950332,822,1.0,10,1.0,100,0.8
-2.3029649593938037,826,0.001,1,0.6,300,0.4
-2.3029649593938037,826,0.001,1,1.0,300,0.4
-2.3029649593938037,826,0.001,2,0.6,300,0.4
-2.3029649593938037,826,0.001,5,1.0,300,0.4
-2.3029649593938037,826,0.001,10,0.6,300,0.4
-2.3029649593938037,826,0.001,5,0.6,300,0.4
-2.3029649593938037,826,0.001,2,1.0,300,0.4
-2.3029649593938037,826,0.001,10,1.0,300,0.4
-2.303011943121129,834,1.0,10,1.0,300,0.2
-2.303011943121129,834,1.0,1,0.6,300,0.2
-2.303011943121129,834,1.0,2,1.0,300,0.2
-2.303011943121129,834,1.0,2,0.3,300,0.2
-2.303011943121129,834,1.0,10,0.6,300,0.2
-2.303011943121129,834,1.0,1,0.3,300,0.2
-2.303011943121129,834,1.0,5,0.6,300,0.2
-2.303011943121129,834,1.0,2,0.6,300,0.2
-2.303011943121129,834,1.0,1,1.0,300,0.2
-2.303011943121129,834,1.0,5,1.0,300,0.2
-2.303011943121129,834,1.0,10,0.3,300,0.2
-2.303011943121129,834,1.0,5,0.3,300,0.2
-2.30305290193385,846,0.001,5,1.0,300,0.6
-2.30305290193385,846,0.001,10,1.0,300,0.6
-2.30305290193385,846,0.001,2,1.0,300,0.6
-2.30305290193385,846,0.001,1,1.0,300,0.6
-2.303154626295478,850,0.01,2,1.0,100,0.4
-2.303154626295478,850,0.01,10,0.6,100,0.4
-2.303154626295478,850,0.01,2,0.6,100,0.4
-2.303154626295478,850,0.01,5,0.6,100,0.4
-2.303154626295478,850,0.01,1,0.6,100,0.4
-2.303154626295478,850,0.01,5,1.0,100,0.4
-2.303154626295478,850,0.01,1,1.0,100,0.4
-2.303154626295478,850,0.01,10,1.0,100,0.4
-2.303155561380263,858,0.001,2,1.0,300,0.8
-2.303155561380263,858,0.001,5,1.0,300,0.8
-2.303155561380263,858,0.001,1,1.0,300,0.8
-2.303155561380263,858,0.001,10,1.0,300,0.8
-2.3031583171920844,862,0.1,5,0.6,300,0.4
-2.3031583171920844,862,0.1,2,0.6,300,0.4
-2.3031583171920844,862,0.1,5,1.0,300,0.4
-2.3031583171920844,862,0.1,2,1.0,300,0.4
-2.3031583171920844,862,0.1,1,0.6,300,0.4
-2.3031583171920844,862,0.1,10,1.0,300,0.4
-2.3031583171920844,862,0.1,1,1.0,300,0.4
-2.3031583171920844,862,0.1,10,0.6,300,0.4
-2.30320883461447,870,0.1,5,1.0,100,0.6
-2.30320883461447,870,0.1,10,1.0,100,0.6
-2.30320883461447,870,0.1,1,1.0,100,0.6
-2.30320883461447,870,0.1,2,1.0,100,0.6
-2.303249951363791,874,0.01,5,1.0,100,0.8
-2.303249951363791,874,0.01,10,1.0,100,0.8
-2.303249951363791,874,0.01,1,1.0,100,0.8
-2.303249951363791,874,0.01,2,1.0,100,0.8
-2.3032579986510044,878,0.001,1,1.0,150,0.6
-2.3032579986510044,878,0.001,2,1.0,150,0.6
-2.3032579986510044,878,0.001,5,1.0,150,0.6
-2.3032579986510044,878,0.001,10,1.0,150,0.6
-2.303264243540241,882,0.1,2,0.6,50,0.2
-2.303264243540241,882,0.1,10,0.6,50,0.2
-2.303264243540241,882,0.1,10,0.3,50,0.2
-2.303264243540241,882,0.1,1,1.0,50,0.2
-2.303264243540241,882,0.1,2,0.3,50,0.2
-2.303264243540241,882,0.1,10,1.0,50,0.2
-2.303264243540241,882,0.1,5,0.6,50,0.2
-2.303264243540241,882,0.1,2,1.0,50,0.2
-2.303264243540241,882,0.1,5,0.3,50,0.2
-2.303264243540241,882,0.1,1,0.6,50,0.2
-2.303264243540241,882,0.1,5,1.0,50,0.2
-2.303264243540241,882,0.1,1,0.3,50,0.2
-2.3033032878376702,894,0.001,5,1.0,150,0.4
-2.3033032878376702,894,0.001,1,0.6,150,0.4
-2.3033032878376702,894,0.001,2,1.0,150,0.4
-2.3033032878376702,894,0.001,10,0.6,150,0.4
-2.3033032878376702,894,0.001,2,0.6,150,0.4
-2.3033032878376702,894,0.001,1,1.0,150,0.4
-2.3033032878376702,894,0.001,10,1.0,150,0.4
-2.3033032878376702,894,0.001,5,0.6,150,0.4
-2.3033385810735756,902,0.001,10,1.0,150,0.8
-2.3033385810735756,902,0.001,1,1.0,150,0.8
-2.3033385810735756,902,0.001,5,1.0,150,0.8
-2.3033385810735756,902,0.001,2,1.0,150,0.8
-2.3033656460440586,906,0.01,5,1.0,100,0.6
-2.3033656460440586,906,0.01,2,1.0,100,0.6
-2.3033656460440586,906,0.01,1,1.0,100,0.6
-2.3033656460440586,906,0.01,10,1.0,100,0.6
-2.3034151196138737,910,0.001,10,0.6,100,0.4
-2.3034151196138737,910,0.001,1,0.6,100,0.4
-2.3034151196138737,910,0.001,5,0.6,100,0.4
-2.3034151196138737,910,0.001,1,1.0,100,0.4
-2.3034151196138737,910,0.001,2,0.6,100,0.4
-2.3034151196138737,910,0.001,2,1.0,100,0.4
-2.3034151196138737,910,0.001,5,1.0,100,0.4
-2.3034151196138737,910,0.001,10,1.0,100,0.4
-2.3034266536107832,918,0.001,5,1.0,100,0.6
-2.3034266536107832,918,0.001,2,1.0,100,0.6
-2.3034266536107832,918,0.001,1,1.0,100,0.6
-2.3034266536107832,918,0.001,10,1.0,100,0.6
-2.3034368479223994,922,0.001,2,1.0,100,0.8
-2.3034368479223994,922,0.001,5,1.0,100,0.8
-2.3034368479223994,922,0.001,1,1.0,100,0.8
-2.3034368479223994,922,0.001,10,1.0,100,0.8
-2.3034979228475745,926,0.001,5,1.0,300,0.2
-2.3034979228475745,926,0.001,1,0.3,300,0.2
-2.3034979228475745,926,0.001,10,1.0,300,0.2
-2.3034979228475745,926,0.001,10,0.3,300,0.2
-2.3034979228475745,926,0.001,2,1.0,300,0.2
-2.3034979228475745,926,0.001,10,0.6,300,0.2
-2.3034979228475745,926,0.001,5,0.3,300,0.2
-2.3034979228475745,926,0.001,1,1.0,300,0.2
-2.3034979228475745,926,0.001,2,0.3,300,0.2
-2.3034979228475745,926,0.001,5,0.6,300,0.2
-2.3034979228475745,926,0.001,2,0.6,300,0.2
-2.3034979228475745,926,0.001,1,0.6,300,0.2
-2.303498989443745,938,0.001,1,0.6,50,0.4
-2.303498989443745,938,0.001,10,0.6,50,0.4
-2.303498989443745,938,0.001,10,1.0,50,0.4
-2.303498989443745,938,0.001,5,1.0,50,0.4
-2.303498989443745,938,0.001,2,0.6,50,0.4
-2.303498989443745,938,0.001,1,1.0,50,0.4
-2.303498989443745,938,0.001,5,0.6,50,0.4
-2.303498989443745,938,0.001,2,1.0,50,0.4
-2.303503847515458,946,0.001,1,1.0,50,0.6
-2.303503847515458,946,0.001,10,1.0,50,0.6
-2.303503847515458,946,0.001,2,1.0,50,0.6
-2.303503847515458,946,0.001,5,1.0,50,0.6
-2.3035364082761194,950,0.001,2,1.0,50,0.8
-2.3035364082761194,950,0.001,1,1.0,50,0.8
-2.3035364082761194,950,0.001,5,1.0,50,0.8
-2.3035364082761194,950,0.001,10,1.0,50,0.8
-2.3036216032771177,954,0.001,5,0.3,150,0.2
-2.3036216032771177,954,0.001,10,0.6,150,0.2
-2.3036216032771177,954,0.001,1,0.6,150,0.2
-2.3036216032771177,954,0.001,5,0.6,150,0.2
-2.3036216032771177,954,0.001,2,0.6,150,0.2
-2.3036216032771177,954,0.001,10,1.0,150,0.2
-2.3036216032771177,954,0.001,2,0.3,150,0.2
-2.3036216032771177,954,0.001,1,1.0,150,0.2
-2.3036216032771177,954,0.001,10,0.3,150,0.2
-2.3036216032771177,954,0.001,5,1.0,150,0.2
-2.3036216032771177,954,0.001,1,0.3,150,0.2
-2.3036216032771177,954,0.001,2,1.0,150,0.2
-2.3036270238675214,966,0.1,1,1.0,100,0.8
-2.3036270238675214,966,0.1,5,1.0,100,0.8
-2.3036270238675214,966,0.1,2,1.0,100,0.8
-2.3036270238675214,966,0.1,10,1.0,100,0.8
-2.303643911595094,970,0.001,1,1.0,100,0.2
-2.303643911595094,970,0.001,1,0.6,100,0.2
-2.303643911595094,970,0.001,5,0.6,100,0.2
-2.303643911595094,970,0.001,2,1.0,100,0.2
-2.303643911595094,970,0.001,2,0.3,100,0.2
-2.303643911595094,970,0.001,5,1.0,100,0.2
-2.303643911595094,970,0.001,10,1.0,100,0.2
-2.303643911595094,970,0.001,10,0.3,100,0.2
-2.303643911595094,970,0.001,1,0.3,100,0.2
-2.303643911595094,970,0.001,5,0.3,100,0.2
-2.303643911595094,970,0.001,2,0.6,100,0.2
-2.303643911595094,970,0.001,10,0.6,100,0.2
-2.303722902603434,982,0.001,1,0.3,50,0.2
-2.303722902603434,982,0.001,10,1.0,50,0.2
-2.303722902603434,982,0.001,2,0.3,50,0.2
-2.303722902603434,982,0.001,1,0.6,50,0.2
-2.303722902603434,982,0.001,5,0.3,50,0.2
-2.303722902603434,982,0.001,2,1.0,50,0.2
-2.303722902603434,982,0.001,5,1.0,50,0.2
-2.303722902603434,982,0.001,5,0.6,50,0.2
-2.303722902603434,982,0.001,2,0.6,50,0.2
-2.303722902603434,982,0.001,10,0.3,50,0.2
-2.303722902603434,982,0.001,10,0.6,50,0.2
-2.303722902603434,982,0.001,1,1.0,50,0.2
-2.3038847448808304,994,0.01,1,1.0,50,0.4
-2.3038847448808304,994,0.01,1,0.6,50,0.4
-2.3038847448808304,994,0.01,10,0.6,50,0.4
-2.3038847448808304,994,0.01,5,0.6,50,0.4
-2.3038847448808304,994,0.01,2,0.6,50,0.4
-2.3038847448808304,994,0.01,10,1.0,50,0.4
-2.3038847448808304,994,0.01,5,1.0,50,0.4
-2.3038847448808304,994,0.01,2,1.0,50,0.4
-2.303986431854703,1002,0.01,10,0.3,150,0.2
-2.303986431854703,1002,0.01,1,0.6,150,0.2
-2.303986431854703,1002,0.01,5,0.3,150,0.2
-2.303986431854703,1002,0.01,2,0.3,150,0.2
-2.303986431854703,1002,0.01,10,1.0,150,0.2
-2.303986431854703,1002,0.01,5,1.0,150,0.2
-2.303986431854703,1002,0.01,10,0.6,150,0.2
-2.303986431854703,1002,0.01,5,0.6,150,0.2
-2.303986431854703,1002,0.01,1,1.0,150,0.2
-2.303986431854703,1002,0.01,2,0.6,150,0.2
-2.303986431854703,1002,0.01,1,0.3,150,0.2
-2.303986431854703,1002,0.01,2,1.0,150,0.2
-2.304079308888993,1014,0.01,5,0.6,100,0.2
-2.304079308888993,1014,0.01,1,0.3,100,0.2
-2.304079308888993,1014,0.01,5,0.3,100,0.2
-2.304079308888993,1014,0.01,10,1.0,100,0.2
-2.304079308888993,1014,0.01,2,0.3,100,0.2
-2.304079308888993,1014,0.01,2,1.0,100,0.2
-2.304079308888993,1014,0.01,10,0.6,100,0.2
-2.304079308888993,1014,0.01,10,0.3,100,0.2
-2.304079308888993,1014,0.01,1,1.0,100,0.2
-2.304079308888993,1014,0.01,1,0.6,100,0.2
-2.304079308888993,1014,0.01,5,1.0,100,0.2
-2.304079308888993,1014,0.01,2,0.6,100,0.2
-2.304119540899001,1026,0.01,10,1.0,50,0.6
-2.304119540899001,1026,0.01,2,1.0,50,0.6
-2.304119540899001,1026,0.01,5,1.0,50,0.6
-2.304119540899001,1026,0.01,1,1.0,50,0.6
-2.3041270594972176,1030,1.0,1,1.0,150,0.6
-2.3041270594972176,1030,1.0,10,1.0,150,0.6
-2.3041270594972176,1030,1.0,2,1.0,150,0.6
-2.3041270594972176,1030,1.0,5,1.0,150,0.6
-2.30430981284887,1034,0.01,1,1.0,50,0.8
-2.30430981284887,1034,0.01,10,1.0,50,0.8
-2.30430981284887,1034,0.01,2,1.0,50,0.8
-2.30430981284887,1034,0.01,5,1.0,50,0.8
-2.3046425472040744,1038,0.5,10,1.0,100,0.8
-2.3046425472040744,1038,0.5,1,1.0,100,0.8
-2.3046425472040744,1038,0.5,2,1.0,100,0.8
-2.3046425472040744,1038,0.5,5,1.0,100,0.8
-2.3050276702531773,1042,0.1,5,0.3,300,0.4
-2.3058476685646565,1043,0.5,2,1.0,300,0.8
-2.3058476685646565,1043,0.5,10,1.0,300,0.8
-2.3058476685646565,1043,0.5,1,1.0,300,0.8
-2.3058476685646565,1043,0.5,5,1.0,300,0.8
-2.3059370707035796,1047,0.01,5,0.3,50,0.2
-2.3059370707035796,1047,0.01,10,0.6,50,0.2
-2.3059370707035796,1047,0.01,5,1.0,50,0.2
-2.3059370707035796,1047,0.01,10,1.0,50,0.2
-2.3059370707035796,1047,0.01,1,0.3,50,0.2
-2.3059370707035796,1047,0.01,2,0.3,50,0.2
-2.3059370707035796,1047,0.01,10,0.3,50,0.2
-2.3059370707035796,1047,0.01,2,1.0,50,0.2
-2.3059370707035796,1047,0.01,5,0.6,50,0.2
-2.3059370707035796,1047,0.01,2,0.6,50,0.2
-2.3059370707035796,1047,0.01,1,0.6,50,0.2
-2.3059370707035796,1047,0.01,1,1.0,50,0.2
-2.3074558682825073,1059,1.0,2,1.0,300,0.6
-2.3074558682825073,1059,1.0,10,1.0,300,0.6
-2.3074558682825073,1059,1.0,5,1.0,300,0.6
-2.3074558682825073,1059,1.0,1,1.0,300,0.6
-2.3095763507656333,1063,0.1,5,1.0,150,1
-2.3104897110225515,1064,0.5,10,1.0,50,1
-2.310611776774361,1065,0.5,10,1.0,100,0.4
-2.310611776774361,1065,0.5,2,1.0,100,0.4
-2.310611776774361,1065,0.5,10,0.6,100,0.4
-2.310611776774361,1065,0.5,5,1.0,100,0.4
-2.310611776774361,1065,0.5,2,0.6,100,0.4
-2.310611776774361,1065,0.5,1,1.0,100,0.4
-2.310611776774361,1065,0.5,5,0.6,100,0.4
-2.310611776774361,1065,0.5,1,0.6,100,0.4
-2.31106735847073,1073,0.5,5,1.0,300,0.4
-2.31106735847073,1073,0.5,10,1.0,300,0.4
-2.31106735847073,1073,0.5,5,0.6,300,0.4
-2.31106735847073,1073,0.5,10,0.6,300,0.4
-2.31106735847073,1073,0.5,1,0.6,300,0.4
-2.31106735847073,1073,0.5,2,1.0,300,0.4
-2.31106735847073,1073,0.5,1,1.0,300,0.4
-2.31106735847073,1073,0.5,2,0.6,300,0.4
-2.3116318580102035,1081,0.1,10,0.6,150,1
-2.315929781396167,1082,0.1,2,0.3,150,0.2
-2.315929781396167,1082,0.1,5,0.3,150,0.2
-2.315929781396167,1082,0.1,5,0.6,150,0.2
-2.315929781396167,1082,0.1,10,1.0,150,0.2
-2.315929781396167,1082,0.1,1,0.6,150,0.2
-2.315929781396167,1082,0.1,10,0.6,150,0.2
-2.315929781396167,1082,0.1,1,0.3,150,0.2
-2.315929781396167,1082,0.1,5,1.0,150,0.2
-2.315929781396167,1082,0.1,2,0.6,150,0.2
-2.315929781396167,1082,0.1,2,1.0,150,0.2
-2.315929781396167,1082,0.1,1,1.0,150,0.2
-2.315929781396167,1082,0.1,10,0.3,150,0.2
-2.3160908477691473,1094,1.0,10,1.0,300,0.8
-2.3160908477691473,1094,1.0,2,1.0,300,0.8
-2.3160908477691473,1094,1.0,1,1.0,300,0.8
-2.3160908477691473,1094,1.0,5,1.0,300,0.8
-2.316591258987901,1098,0.5,2,1.0,100,0.2
-2.316591258987901,1098,0.5,10,0.6,100,0.2
-2.316591258987901,1098,0.5,2,0.6,100,0.2
-2.316591258987901,1098,0.5,5,0.6,100,0.2
-2.316591258987901,1098,0.5,1,0.3,100,0.2
-2.316591258987901,1098,0.5,2,0.3,100,0.2
-2.316591258987901,1098,0.5,1,1.0,100,0.2
-2.316591258987901,1098,0.5,10,1.0,100,0.2
-2.316591258987901,1098,0.5,10,0.3,100,0.2
-2.316591258987901,1098,0.5,1,0.6,100,0.2
-2.316591258987901,1098,0.5,5,0.3,100,0.2
-2.316591258987901,1098,0.5,5,1.0,100,0.2
-2.3188848632769528,1110,0.5,2,1.0,150,0.4
-2.3188848632769528,1110,0.5,2,0.6,150,0.4
-2.3188848632769528,1110,0.5,10,1.0,150,0.4
-2.3188848632769528,1110,0.5,1,0.6,150,0.4
-2.3188848632769528,1110,0.5,5,0.6,150,0.4
-2.3188848632769528,1110,0.5,1,1.0,150,0.4
-2.3188848632769528,1110,0.5,10,0.6,150,0.4
-2.3188848632769528,1110,0.5,5,1.0,150,0.4
-2.3193401633829938,1118,0.1,2,0.6,300,0.6
-2.320876943531727,1119,1.0,1,1.0,100,0.4
-2.320876943531727,1119,1.0,2,0.6,100,0.4
-2.320876943531727,1119,1.0,10,1.0,100,0.4
-2.320876943531727,1119,1.0,1,0.6,100,0.4
-2.320876943531727,1119,1.0,5,1.0,100,0.4
-2.320876943531727,1119,1.0,2,1.0,100,0.4
-2.320876943531727,1119,1.0,10,0.6,100,0.4
-2.320876943531727,1119,1.0,5,0.6,100,0.4
-2.3263571584076628,1127,1.0,2,1.0,300,0.4
-2.3263571584076628,1127,1.0,5,1.0,300,0.4
-2.3263571584076628,1127,1.0,5,0.6,300,0.4
-2.3263571584076628,1127,1.0,1,1.0,300,0.4
-2.3263571584076628,1127,1.0,2,0.6,300,0.4
-2.3263571584076628,1127,1.0,1,0.6,300,0.4
-2.3263571584076628,1127,1.0,10,1.0,300,0.4
-2.3263571584076628,1127,1.0,10,0.6,300,0.4
-2.32928243016264,1135,0.1,1,0.6,300,0.6
-2.3308500980054396,1136,0.5,10,0.3,50,1
-2.3335213563115866,1137,0.1,5,0.3,100,1
-2.3378821710862594,1138,0.5,10,0.3,100,1
-2.338294955362861,1139,0.5,10,0.3,150,1
-2.3383584334704133,1140,0.5,10,0.3,300,1
-2.343215658804184,1141,0.5,2,1.0,100,1
-2.345276207036813,1142,0.1,5,0.3,150,0.4
-2.346735764012951,1143,0.5,10,0.6,50,0.6
-2.3468045557194266,1144,0.5,2,0.1,50,1
-2.347739006145395,1145,0.5,2,0.1,100,1
-2.3477519600115717,1146,0.5,2,0.1,150,1
-2.3477520427756176,1147,0.5,2,0.1,300,1
-2.350394173088723,1148,1.0,5,0.6,150,0.4
-2.350394173088723,1148,1.0,2,0.6,150,0.4
-2.350394173088723,1148,1.0,5,1.0,150,0.4
-2.350394173088723,1148,1.0,1,1.0,150,0.4
-2.350394173088723,1148,1.0,10,1.0,150,0.4
-2.350394173088723,1148,1.0,10,0.6,150,0.4
-2.350394173088723,1148,1.0,1,0.6,150,0.4
-2.350394173088723,1148,1.0,2,1.0,150,0.4
-2.351776131302863,1156,0.1,1,0.6,150,1
-2.352025307779108,1157,1.0,5,1.0,100,0.2
-2.352025307779108,1157,1.0,10,0.3,100,0.2
-2.352025307779108,1157,1.0,10,0.6,100,0.2
-2.352025307779108,1157,1.0,5,0.6,100,0.2
-2.352025307779108,1157,1.0,5,0.3,100,0.2
-2.352025307779108,1157,1.0,1,0.3,100,0.2
-2.352025307779108,1157,1.0,2,1.0,100,0.2
-2.352025307779108,1157,1.0,1,0.6,100,0.2
-2.352025307779108,1157,1.0,1,1.0,100,0.2
-2.352025307779108,1157,1.0,2,0.3,100,0.2
-2.352025307779108,1157,1.0,2,0.6,100,0.2
-2.352025307779108,1157,1.0,10,1.0,100,0.2
-2.353833114370655,1169,0.5,10,0.1,50,0.8
-2.3561128400196236,1170,0.1,5,0.6,300,0.8
-2.3574380902711383,1171,0.1,2,0.6,300,1
-2.36515187611789,1172,0.5,10,1.0,100,1
-2.3655810397258388,1173,0.5,5,1.0,100,1
-2.3665380545426355,1174,0.5,1,0.3,150,0.2
-2.3665380545426355,1174,0.5,2,0.3,150,0.2
-2.3665380545426355,1174,0.5,1,1.0,150,0.2
-2.3665380545426355,1174,0.5,1,0.6,150,0.2
-2.3665380545426355,1174,0.5,10,0.6,150,0.2
-2.3665380545426355,1174,0.5,2,0.6,150,0.2
-2.3665380545426355,1174,0.5,5,1.0,150,0.2
-2.3665380545426355,1174,0.5,5,0.3,150,0.2
-2.3665380545426355,1174,0.5,10,0.3,150,0.2
-2.3665380545426355,1174,0.5,2,1.0,150,0.2
-2.3665380545426355,1174,0.5,5,0.6,150,0.2
-2.3665380545426355,1174,0.5,10,1.0,150,0.2
-2.36732476958433,1186,0.1,5,0.3,150,1
-2.37433977398573,1187,0.5,1,1.0,100,1
-2.375043809340312,1188,0.5,10,0.1,50,1
-2.377043559498424,1189,0.5,10,0.1,150,1
-2.37704930228031,1190,0.5,10,0.1,300,1
-2.3770796919406965,1191,0.5,10,0.1,100,1
-2.378627276637333,1192,0.1,10,0.6,300,1
-2.3802609528939263,1193,0.5,2,0.6,50,1
-2.381022941104829,1194,0.5,10,1.0,150,1
-2.382665869830492,1195,0.1,5,0.6,50,1
-2.390557399135196,1196,0.5,5,0.1,50,1
-2.3915622455043404,1197,0.1,5,0.3,300,1
-2.3922079463940236,1198,0.5,5,0.1,150,1
-2.392209032785894,1199,0.5,5,0.1,300,1
-2.392215949635541,1200,0.5,5,0.1,100,1
-2.3933929223438835,1201,0.5,2,1.0,150,1
-2.393437821420711,1202,0.1,5,1.0,300,1
-2.395178977738442,1203,0.5,5,1.0,150,1
-2.399379970702655,1204,0.5,2,0.3,50,1
-2.4008945781834496,1205,0.5,2,0.6,100,1
-2.401559027189886,1206,1.0,10,1.0,150,0.2
-2.401559027189886,1206,1.0,10,0.3,150,0.2
-2.401559027189886,1206,1.0,1,0.6,150,0.2
-2.401559027189886,1206,1.0,5,0.3,150,0.2
-2.401559027189886,1206,1.0,5,0.6,150,0.2
-2.401559027189886,1206,1.0,10,0.6,150,0.2
-2.401559027189886,1206,1.0,2,1.0,150,0.2
-2.401559027189886,1206,1.0,5,1.0,150,0.2
-2.401559027189886,1206,1.0,2,0.6,150,0.2
-2.401559027189886,1206,1.0,1,0.3,150,0.2
-2.401559027189886,1206,1.0,1,1.0,150,0.2
-2.401559027189886,1206,1.0,2,0.3,150,0.2
-2.402710323468414,1218,0.5,2,0.3,100,1
-2.4034513541252736,1219,0.5,2,0.3,300,1
-2.4034679017486296,1220,0.5,2,0.3,150,1
-2.407190549465253,1221,0.5,10,1.0,300,1
-2.4082282569411086,1222,0.5,2,0.6,150,1
-2.4087760102546247,1223,0.5,2,0.6,300,1
-2.409093090449006,1224,0.5,10,0.3,50,0.6
-2.4106897215469516,1225,0.5,10,0.6,50,0.8
-2.4276378722635745,1226,0.5,1,0.6,100,0.6
-2.4308006660140635,1227,0.5,1,0.6,50,0.6
-2.4367632347931485,1228,0.5,10,0.6,100,0.6
-2.437043594631941,1229,0.5,10,0.3,100,0.4
-2.4384712121396666,1230,0.5,10,0.1,100,0.8
-2.4403797478239175,1231,0.5,2,0.6,50,0.6
-2.444730697098147,1232,0.5,5,1.0,300,1
-2.4459587859459715,1233,0.5,10,0.3,50,0.8
-2.4527976398167994,1234,0.5,2,1.0,300,1
-2.471642797085836,1235,0.1,1,0.6,300,1
-2.4719782776614396,1236,0.5,10,0.3,100,0.8
-2.474452493258069,1237,0.5,5,0.6,50,1
-2.475023459482503,1238,0.5,1,1.0,150,1
-2.475050723015578,1239,0.5,1,0.1,150,0.8
-2.475814697724907,1240,0.5,1,0.1,100,0.8
-2.4764059151689923,1241,0.5,10,0.6,50,1
-2.4809309855011,1242,0.5,10,0.3,150,0.8
-2.4809759330818615,1243,0.5,10,0.6,100,0.8
-2.4836307908935202,1244,0.5,2,0.6,100,0.6
-2.4865418000909205,1245,0.5,10,0.6,150,0.8
-2.492177179008524,1246,0.5,10,0.6,150,0.6
-2.494935645748002,1247,0.5,1,0.3,50,1
-2.495640716951727,1248,0.5,5,0.3,50,1
-2.4959991852859456,1249,0.5,5,0.3,150,1
-2.496046198258454,1250,0.5,5,0.3,300,1
-2.4964989613305515,1251,0.5,5,0.3,100,1
-2.4982970213587197,1252,0.5,10,0.6,150,1
-2.4997438432116392,1253,0.5,10,0.6,300,1
-2.5025704816075014,1254,0.5,10,0.6,100,1
-2.508054173378034,1255,0.5,1,0.3,100,1
-2.508497135137057,1256,0.5,1,0.3,150,1
-2.5085194790417096,1257,0.5,1,0.3,300,1
-2.5147936925928773,1258,0.5,5,0.6,100,1
-2.5164691735935287,1259,0.5,5,0.6,50,0.6
-2.5169382682691896,1260,0.1,5,0.6,100,1
-2.519805568792936,1261,0.5,5,0.6,150,1
-2.5215991212237268,1262,0.5,5,0.6,300,1
-2.5322089379286927,1263,0.5,10,0.3,150,0.4
-2.540059986886721,1264,0.5,10,0.1,50,0.6
-2.549085537757929,1265,0.5,1,1.0,300,1
-2.5557606222424254,1266,0.5,5,0.6,100,0.6
-2.5570023832347926,1267,0.5,1,0.6,150,0.6
-2.5605212305346066,1268,0.5,10,0.3,100,0.6
-2.5659164929305605,1269,1.0,10,1.0,300,1
-2.5726412777395904,1270,0.5,10,0.1,150,0.8
-2.573884838813428,1271,1.0,10,1.0,150,1
-2.5751639193668705,1272,1.0,10,1.0,50,1
-2.5755089769771913,1273,0.1,5,0.6,150,1
-2.577752602284467,1274,1.0,10,1.0,100,1
-2.5843683147479353,1275,0.5,1,0.6,300,0.6
-2.5859825786057455,1276,0.5,5,0.3,50,0.4
-2.5888482379043816,1277,0.5,2,0.1,100,0.8
-2.606221510070352,1278,0.5,1,0.1,50,0.8
-2.6062258812644976,1279,0.5,5,0.1,50,0.8
-2.609393752099721,1280,0.5,1,0.6,50,1
-2.6100169944657585,1281,0.5,10,0.1,100,0.6
-2.623972268200893,1282,0.1,5,0.6,300,1
-2.631455680876348,1283,0.5,5,0.6,150,0.6
-2.637770480019893,1284,0.5,1,0.6,100,1
-2.6404816507255235,1285,0.5,1,0.6,150,1
-2.6411622984947862,1286,0.5,1,0.6,300,1
-2.655820499053685,1287,0.5,10,0.6,300,0.6
-2.6701474208413907,1288,1.0,5,0.3,100,1
-2.670151932375026,1289,1.0,5,0.3,300,1
-2.6701519328697403,1290,1.0,5,0.3,150,1
-2.6714554822349847,1291,1.0,5,0.3,50,1
-2.6790804831427124,1292,0.5,2,0.6,150,0.6
-2.6806268578539023,1293,0.5,10,0.1,150,0.6
-2.685026745284938,1294,0.5,5,0.6,50,0.8
-2.6863046966963466,1295,0.5,5,0.6,100,0.8
-2.696350125610185,1296,0.5,10,0.3,150,0.6
-2.700970252513577,1297,0.5,2,0.3,50,0.6
-2.7106606657846073,1298,0.5,2,0.1,150,0.8
-2.712071450390305,1299,0.5,10,0.6,300,0.8
-2.718369372626282,1300,0.5,5,0.3,100,0.8
-2.722543933300856,1301,0.5,2,0.6,300,0.6
-2.7248513437659785,1302,0.5,5,0.1,100,0.8
-2.724862503995604,1303,0.5,5,0.3,50,0.8
-2.728909097228453,1304,0.5,2,0.1,50,0.8
-2.755747663790951,1305,0.5,5,0.1,150,0.8
-2.758111671510404,1306,0.5,2,0.3,50,0.8
-2.7660390003770265,1307,0.5,2,0.3,100,0.6
-2.773672071745098,1308,0.5,1,0.3,50,0.6
-2.776231628873795,1309,0.5,2,0.3,50,0.4
-2.7975860712126237,1310,0.5,5,0.3,50,0.6
-2.804854577626966,1311,0.5,2,0.3,100,0.8
-2.8224363967493993,1312,0.5,5,0.6,150,0.8
-2.828532197242656,1313,0.5,1,0.3,100,0.6
-2.8385229925408657,1314,0.5,10,0.3,300,0.8
-2.842425072407724,1315,0.5,1,0.3,150,0.6
-2.844043198696043,1316,0.5,2,0.6,50,0.8
-2.863820402775523,1317,0.5,5,0.3,150,0.8
-2.8761416410481737,1318,1.0,5,0.1,150,1
-2.8761416410608858,1319,1.0,5,0.1,300,1
-2.8761416953742325,1320,1.0,5,0.1,100,1
-2.8762081200560132,1321,1.0,5,0.1,50,1
-2.8805250748922773,1322,0.5,5,0.1,50,0.6
-2.893129295968067,1323,1.0,2,0.3,50,1
-2.8933360275261917,1324,1.0,2,0.3,100,1
-2.893336800660081,1325,1.0,2,0.3,150,1
-2.893336807796498,1326,1.0,2,0.3,300,1
-2.8987954925609545,1327,0.5,1,0.6,100,0.8
-2.899813283801255,1328,0.5,5,0.6,300,0.6
-2.9022739248219054,1329,0.5,10,0.3,300,0.6
-2.906466511209225,1330,0.5,10,0.1,300,0.8
-2.918786970463152,1331,0.5,1,0.1,300,0.8
-2.921847284692296,1332,1.0,1,0.3,50,1
-2.921922122793224,1333,1.0,1,0.3,300,1
-2.921922123055049,1334,1.0,1,0.3,150,1
-2.9219228032101094,1335,1.0,1,0.3,100,1
-2.9232623778942473,1336,0.5,5,0.3,100,0.6
-2.9253124146053233,1337,0.5,2,0.3,150,0.8
-2.934197451316512,1338,0.5,1,0.3,50,0.8
-2.9357023055155205,1339,0.5,5,0.3,100,0.4
-2.9379418073587695,1340,0.5,10,0.3,300,0.4
-2.942020934926084,1341,0.5,5,0.1,50,0.4
-2.948607282323146,1342,1.0,2,0.6,50,0.6
-2.9511662619162577,1343,0.5,2,0.3,100,0.4
-2.958270892615496,1344,0.5,1,0.3,100,0.8
-2.975493184341237,1345,0.5,2,0.6,100,0.8
-2.976557841034611,1346,0.5,1,0.3,150,0.8
-2.9791877428385005,1347,0.5,2,0.3,150,0.6
-2.9878525608383057,1348,1.0,2,0.1,100,1
-2.9878525609952336,1349,1.0,2,0.1,150,1
-2.9878525609957376,1350,1.0,2,0.1,300,1
-2.9878542967741706,1351,1.0,2,0.1,50,1
-2.9907983837620344,1352,0.5,1,0.1,50,0.6
-3.0021803061346803,1353,1.0,10,0.3,50,1
-3.003279563353326,1354,1.0,10,0.3,100,1
-3.0032961797789772,1355,1.0,10,0.3,300,1
-3.00329627164555,1356,1.0,10,0.3,150,1
-3.009891025196409,1357,0.5,1,0.6,50,0.8
-3.010420910612752,1358,1.0,5,1.0,50,1
-3.0195338206563336,1359,1.0,2,1.0,50,1
-3.0282382908294556,1360,1.0,5,0.6,50,0.6
-3.0294564853149972,1361,0.5,5,0.3,150,0.4
-3.0302017877628984,1362,1.0,2,1.0,150,1
-3.0311173987154834,1363,1.0,10,0.6,100,1
-3.0311329849698447,1364,0.5,5,0.3,300,0.8
-3.0313645372467013,1365,1.0,10,0.6,150,1
-3.031373169368517,1366,1.0,10,0.6,300,1
-3.0323891399857255,1367,1.0,10,0.6,50,1
-3.0336851817132744,1368,1.0,2,1.0,100,1
-3.0408361747999693,1369,0.5,5,0.6,300,0.8
-3.042178476678323,1370,1.0,2,1.0,300,1
-3.0530540198566305,1371,1.0,10,0.1,50,1
-3.0531709671952365,1372,1.0,10,0.1,100,1
-3.0531711034563065,1373,1.0,10,0.1,300,1
-3.053171103494832,1374,1.0,10,0.1,150,1
-3.0560733539208935,1375,1.0,10,0.6,50,0.6
-3.0743455592835183,1376,1.0,1,0.6,50,0.6
-3.0788356111486515,1377,0.5,1,0.1,50,0.4
-3.0849837501000943,1378,0.5,10,0.1,50,0.4
-3.086496933575373,1379,1.0,2,0.6,100,0.6
-3.092105154354145,1380,1.0,5,1.0,100,1
-3.0948234939615715,1381,0.5,5,0.1,300,0.8
-3.100593260181238,1382,0.5,1,0.6,150,0.8
-3.1038170185342997,1383,0.5,5,0.3,150,0.6
-3.133808405662901,1384,1.0,5,1.0,150,1
-3.135880249485723,1385,0.5,1,0.3,50,0.4
-3.138756504527024,1386,1.0,5,1.0,300,1
-3.152030688150887,1387,0.5,5,0.1,100,0.6
-3.152619489771572,1388,0.5,10,0.1,300,0.6
-3.164259993413181,1389,1.0,1,0.1,300,1
-3.1642599934133417,1390,1.0,1,0.1,150,1
-3.164259995930089,1391,1.0,1,0.1,100,1
-3.1642740548203325,1392,1.0,1,0.1,50,1
-3.172805806222159,1393,1.0,1,0.6,150,0.6
-3.1767753029582466,1394,1.0,2,0.6,150,0.6
-3.179138167765978,1395,0.5,2,0.3,150,0.4
-3.179550012693757,1396,0.5,2,0.6,150,0.8
-3.197122285508246,1397,1.0,10,0.1,50,0.8
-3.2071692410612966,1398,1.0,2,0.6,300,0.6
-3.2072507291712697,1399,1.0,10,0.6,100,0.6
-3.222241855365456,1400,1.0,1,1.0,50,1
-3.229589558348202,1401,1.0,1,1.0,100,1
-3.232139076959361,1402,0.5,2,0.1,50,0.4
-3.2481239045659414,1403,0.5,1,0.3,150,0.4
-3.26349556090842,1404,1.0,1,1.0,150,1
-3.2660683558660764,1405,1.0,1,1.0,300,1
-3.2821810590882308,1406,0.5,5,0.1,100,0.4
-3.291371710574174,1407,0.5,10,0.1,50,0.2
-3.3025261602583407,1408,1.0,5,0.6,50,1
-3.3037585770558087,1409,1.0,5,0.6,300,1
-3.3037605934652476,1410,1.0,5,0.6,150,1
-3.3038186835514454,1411,1.0,5,0.6,100,1
-3.319743993355497,1412,0.5,1,0.3,300,0.6
-3.3259457251723,1413,0.5,1,0.3,300,0.8
-3.3307227169433276,1414,1.0,2,0.6,50,1
-3.33123536287522,1415,1.0,1,0.6,100,0.6
-3.333406563255339,1416,1.0,2,0.6,300,1
-3.333411040333393,1417,1.0,2,0.6,150,1
-3.33367099574889,1418,1.0,2,0.6,100,1
-3.3974816123860188,1419,0.5,2,0.1,50,0.6
-3.4011076631195154,1420,0.5,5,0.3,300,0.6
-3.4045558354491283,1421,1.0,10,0.3,50,0.8
-3.43142996153581,1422,0.5,1,0.1,100,0.6
-3.433882502954687,1423,0.5,5,0.1,150,0.6
-3.440723594655222,1424,0.5,2,0.1,300,0.8
-3.458522424167004,1425,1.0,5,0.6,100,0.6
-3.4588058418626866,1426,1.0,10,0.1,100,0.8
-3.4629970715379583,1427,0.5,5,0.3,300,0.4
-3.467668660663395,1428,0.5,2,0.1,100,0.4
-3.4783283726730767,1429,0.5,1,0.3,100,0.4
-3.4820995192496484,1430,1.0,10,0.6,150,0.6
-3.5099367000174517,1431,0.5,1,0.6,300,0.8
-3.5130785497126182,1432,0.5,2,0.6,300,0.8
-3.5433500266355,1433,0.5,2,0.3,300,0.8
-3.5491598179561117,1434,1.0,1,0.6,50,0.8
-3.583372224485771,1435,0.5,2,0.3,300,0.6
-3.590640869387736,1436,1.0,1,0.1,50,0.8
-3.5921379364209374,1437,0.5,1,0.1,100,0.4
-3.6137514240027264,1438,0.5,1,0.3,300,0.4
-3.6146951151208397,1439,1.0,2,0.6,50,0.8
-3.620871822107057,1440,1.0,1,0.6,300,0.6
-3.631362417873215,1441,1.0,10,0.6,300,0.6
-3.6374760543459543,1442,1.0,10,0.3,100,0.8
-3.662568197932773,1443,1.0,2,0.6,100,0.8
-3.6656605829340068,1444,1.0,1,0.6,100,1
-3.665671767048503,1445,1.0,1,0.6,150,1
-3.6656728859164835,1446,1.0,1,0.6,300,1
-3.6679001199449304,1447,1.0,1,0.6,50,1
-3.6778253817578026,1448,1.0,10,0.3,150,0.8
-3.684458360291392,1449,0.5,10,0.1,100,0.4
-3.702869991394926,1450,0.5,1,0.1,150,0.6
-3.722031365497017,1451,1.0,5,0.3,50,0.8
-3.7272080495611926,1452,1.0,5,0.6,150,0.6
-3.7609587800250024,1453,0.5,2,0.1,150,0.4
-3.764741988292542,1454,1.0,5,0.6,50,0.8
-3.7694331618205856,1455,0.5,5,0.1,50,0.2
-3.8101769891449946,1456,0.5,5,0.1,150,0.4
-3.8258449851861087,1457,0.5,10,0.1,100,0.2
-3.8908992019206026,1458,1.0,2,0.1,50,0.8
-3.898724543839138,1459,1.0,1,0.1,100,0.8
-3.899915047560797,1460,1.0,10,0.6,100,0.8
-3.904424898546317,1461,1.0,1,0.6,100,0.8
-3.907590211000617,1462,1.0,10,0.6,150,0.8
-3.918720822726268,1463,1.0,10,0.6,50,0.8
-3.949731007285691,1464,0.5,5,0.1,300,0.6
-3.9706059249142434,1465,0.5,2,0.3,300,0.4
-3.992987760497204,1466,1.0,5,0.1,50,0.8
-4.000911235628879,1467,1.0,2,0.3,50,0.8
-4.003459065961463,1468,0.5,1,0.1,150,0.4
-4.0149888994418585,1469,1.0,2,0.6,150,0.8
-4.015104457620463,1470,1.0,1,0.3,50,0.8
-4.028528736589943,1471,1.0,5,0.6,100,0.8
-4.036577934799807,1472,0.5,2,0.1,100,0.6
-4.039282974413856,1473,1.0,1,0.3,50,0.6
-4.083866704921844,1474,1.0,10,0.1,150,0.8
-4.123614673899029,1475,1.0,5,0.1,100,0.8
-4.124054302401019,1476,1.0,5,0.6,150,0.8
-4.140677590775744,1477,0.5,2,0.1,150,0.6
-4.155094530837186,1478,1.0,1,0.3,100,0.8
-4.227815573487963,1479,1.0,5,0.3,100,0.8
-4.246857493219196,1480,0.5,10,0.1,150,0.4
-4.326266081574926,1481,1.0,5,0.6,300,0.6
-4.3559727707192755,1482,0.5,1,0.1,300,0.6
-4.394639467729502,1483,1.0,1,0.6,150,0.8
-4.424655004088786,1484,1.0,5,0.6,300,0.8
-4.430149621969719,1485,1.0,10,0.3,300,0.8
-4.466541799175314,1486,0.5,2,0.1,50,0.2
-4.482485379938175,1487,1.0,10,0.6,300,0.8
-4.52507438748963,1488,1.0,10,0.3,50,0.6
-4.527281938401583,1489,0.5,10,0.1,150,0.2
-4.568645903651634,1490,1.0,5,0.1,150,0.8
-4.57978295137579,1491,1.0,5,0.3,150,0.8
-4.624092484202785,1492,1.0,1,0.3,150,0.8
-4.684844623003862,1493,0.5,2,0.1,300,0.6
-4.689437908626668,1494,1.0,2,0.1,100,0.8
-4.700376365726151,1495,1.0,2,0.3,100,0.8
-4.741893276361252,1496,1.0,5,0.3,50,0.6
-4.776897335230451,1497,0.5,5,0.1,100,0.2
-4.805015581366439,1498,1.0,2,0.6,300,0.8
-4.927513420120552,1499,0.5,5,0.1,300,0.4
-4.946746582799207,1500,1.0,2,0.1,50,0.6
-4.995228369463318,1501,1.0,1,0.1,150,0.8
-5.008250841522372,1502,1.0,10,0.3,50,0.4
-5.037949023448119,1503,0.5,1,0.1,300,0.4
-5.105679616509546,1504,1.0,2,0.3,50,0.6
-5.160316121177539,1505,0.5,1,0.1,50,0.2
-5.193639947475463,1506,1.0,10,0.3,100,0.6
-5.239952946878943,1507,1.0,5,0.1,50,0.6
-5.304751984942761,1508,1.0,1,0.1,50,0.6
-5.360014943503536,1509,1.0,10,0.1,50,0.6
-5.361587566561968,1510,1.0,2,0.1,150,0.8
-5.397008936177921,1511,0.5,10,0.1,300,0.2
-5.419328589209776,1512,1.0,5,0.3,100,0.6
-5.443276299861008,1513,1.0,1,0.6,300,0.8
-5.516724778733706,1514,1.0,10,0.1,300,0.8
-5.570344071573677,1515,1.0,1,0.3,100,0.6
-5.63601409110578,1516,1.0,2,0.3,150,0.8
-5.714920062253756,1517,0.5,10,0.1,300,0.4
-5.774649667356394,1518,0.5,2,0.1,300,0.4
-5.8806940008876385,1519,1.0,5,0.3,300,0.8
-5.9253414830338516,1520,0.5,5,0.1,150,0.2
-5.981583551724445,1521,0.5,2,0.1,100,0.2
-6.030965228235088,1522,1.0,10,0.3,150,0.6
-6.237960740952279,1523,0.5,1,0.1,100,0.2
-6.27160645813872,1524,1.0,10,0.1,100,0.6
-6.301178981025735,1525,1.0,5,0.3,50,0.4
-6.41614970601685,1526,1.0,2,0.1,100,0.6
-6.539943550972334,1527,1.0,10,0.3,100,0.4
-6.715714355346577,1528,1.0,2,0.3,50,0.4
-6.7563077559680496,1529,1.0,5,0.3,150,0.6
-6.784594138887877,1530,1.0,2,0.3,100,0.6
-6.791544765036609,1531,1.0,5,0.1,300,0.8
-6.798145605139962,1532,1.0,2,0.3,300,0.8
-6.881524775019642,1533,1.0,1,0.1,100,0.6
-6.888649173955477,1534,1.0,2,0.1,300,0.8
-6.99826314856993,1535,1.0,1,0.3,300,0.8
-7.192706680114819,1536,0.5,2,0.1,150,0.2
-7.311389471357437,1537,1.0,1,0.3,150,0.6
-7.373976525375438,1538,1.0,5,0.1,100,0.6
-7.423260454144535,1539,1.0,5,0.3,100,0.4
-7.481670459611118,1540,1.0,10,0.3,150,0.4
-7.5306095661974926,1541,0.5,1,0.1,150,0.2
-7.695747018655451,1542,1.0,1,0.3,50,0.4
-7.75513882875361,1543,1.0,2,0.3,150,0.6
-7.759722326582737,1544,1.0,10,0.3,300,0.6
-8.18083319249431,1545,1.0,10,0.1,150,0.6
-8.21484460312339,1546,1.0,1,0.1,300,0.8
-8.339694852758589,1547,1.0,5,0.3,300,0.6
-8.341924491873892,1548,1.0,2,0.1,150,0.6
-8.588473478354661,1549,0.5,5,0.1,300,0.2
-8.594494023710983,1550,1.0,5,0.1,50,0.4
-8.660206404699135,1551,1.0,2,0.3,150,0.4
-8.736167380522133,1552,1.0,5,0.3,150,0.4
-8.756365243475027,1553,1.0,1,0.1,150,0.6
-9.057197715712329,1554,1.0,2,0.3,100,0.4
-9.32586206286398,1555,1.0,5,0.1,150,0.6
-9.818643279053402,1556,1.0,1,0.3,100,0.4
-9.873778937695068,1557,1.0,10,0.1,50,0.4
-10.103814725322751,1558,1.0,10,0.1,300,0.6
-10.353581597724936,1559,1.0,2,0.1,50,0.4
-10.487415954579976,1560,1.0,2,0.3,300,0.6
-11.167238557710606,1561,1.0,10,0.3,300,0.4
-11.74345209830311,1562,1.0,1,0.3,300,0.6
-11.876056106999973,1563,1.0,1,0.3,150,0.4
-11.922610513351316,1564,1.0,2,0.1,300,0.6
-12.072257902198166,1565,0.5,2,0.1,300,0.2
-12.732245368458717,1566,1.0,5,0.1,300,0.6
-12.783775377197731,1567,0.5,1,0.1,300,0.2
-13.211255734792948,1568,1.0,5,0.1,100,0.4
-14.103496840534234,1569,1.0,5,0.3,300,0.4
-14.438702097864876,1570,1.0,1,0.1,300,0.6
-14.499449197718366,1571,1.0,1,0.1,50,0.4
-14.796494553857254,1572,1.0,10,0.1,100,0.4
-15.987894818334562,1573,1.0,2,0.3,300,0.4
-17.30736409653101,1574,1.0,2,0.1,100,0.4
-18.600394904602602,1575,1.0,10,0.1,150,0.4
-18.725486789480392,1576,1.0,1,0.3,300,0.4
-18.939899481930837,1577,1.0,1,0.1,100,0.4
-19.803221231510406,1578,1.0,5,0.1,150,0.4
-24.5647126177487,1579,1.0,2,0.1,150,0.4
-24.64552578645502,1580,1.0,10,0.1,50,0.2
-26.112518863292355,1581,1.0,1,0.1,150,0.4
-28.92361425664125,1582,1.0,10,0.1,300,0.4
-35.07412579068959,1583,1.0,5,0.1,300,0.4
-51.128144727408,1584,1.0,1,0.1,300,0.4
-55.29681832398222,1585,1.0,2,0.1,300,0.4
-70.38809662332372,1586,1.0,5,0.1,50,0.2
-118.32721227870118,1587,1.0,10,0.1,100,0.2
-210.22256750740272,1588,1.0,2,0.1,50,0.2
-368.69271120497683,1589,1.0,10,0.1,150,0.2
-380.2533758613762,1590,1.0,1,0.1,50,0.2
-871.7946854478781,1591,1.0,5,0.1,100,0.2
-7299.401529079894,1592,1.0,2,0.1,100,0.2
-9824.910799422974,1593,1.0,5,0.1,150,0.2
-14484.986895087986,1594,1.0,10,0.1,300,0.2
-39093.06323546993,1595,1.0,1,0.1,100,0.2
-135541.62527267344,1596,1.0,2,0.1,150,0.2
-2657469.5759877414,1597,1.0,1,0.1,150,0.2
-114947933.38549924,1598,1.0,5,0.1,300,0.2
-305936091.0948602,1599,1.0,2,0.1,300,0.2
-47850420979.416725,1600,1.0,1,0.1,300,0.2
